Product ID,SKU,Product Name,Category,Scale,Price Incl GST (₹),Base Price Excl GST (₹),GST Rate (%),HSN Code,MRP (₹),Discount (%),Stock (Units),Availability,Drivetrain,Top Speed,Motor Type,Battery Pack,Remote / Control,Dimensions,Weight,Age Group,Video Link,Primary Image URL,Gallery Images Count,Short Description,Full Technical Description
1,H6401-P,1:64 FPV Mini RC Car with Camera WiFi App Remote Control Adjustable Speed Multiplayer Fun,Mini RC,1:64,6248,5295,18,95030090,7810,20,25,In Stock,RWD,15 KM/H,Electric Brushed Motor,Rechargeable Li-ion Battery Pack (Included),2.4 GHz Multi-Channel Transmitter,10 × 6 × 5 cm,0.08 kg,8+ Years,https://youtu.be/7w7LUaLpM4E?si=hu1udj_zaTSfUz9v,https://kcuaipguxokbnhnucnmv.supabase.co/storage/v1/object/public/products/prod_1788358525377_8956.png,1,"Experience precision drifting with this 1:64 scale RC Drift Car, designed for smooth control and realistic performance. Its compact size delivers fast turns, stable drifting, and exciting racing action on flat surfaces. Perfect for collectors, beginners, and RC enthusiasts looking for a stylish mini drift car with responsive handling and fun indoor driving.","Experience precision drifting with this 1:64 scale RC Drift Car, designed for smooth control and realistic performance. Its compact size delivers fast turns, stable drifting, and exciting racing action on flat surfaces. Perfect for collectors, beginners, and RC enthusiasts looking for a stylish mini drift car with responsive handling and fun indoor driving."
2,H284131,1:28 Mini Racing Car 30KM/H High Speed RC Car Off-Road Drift RC Cars Toys with LED Lights,Drift Cars,1:28,11237,9523,18,95030090,14046,20,25,In Stock,4WD,30KM/H,Electric Brushed Motor,Rechargeable Li-ion Battery Pack (Included),2.4 GHz Multi-Channel Transmitter,25 × 22 × 15 cm,1 kg,8+ Years,N/A,assets/uploads/prod_1787920104060_6427.jpg,1,"The H284131 RC Car delivers fast speed and smooth remote control performance for exciting racing action. Built with a durable body and stable handling, it runs efficiently on different surfaces. Perfect for racing, drifting, and everyday RC fun, making it a great choice for beginners and RC car enthusiasts. 🚗","The H284131 RC Car delivers fast speed and smooth remote control performance for exciting racing action. Built with a durable body and stable handling, it runs efficiently on different surfaces. Perfect for racing, drifting, and everyday RC fun, making it a great choice for beginners and RC car enthusiasts. 🚗"
3,H22206-B,1:12 Scale 22206 4WD High-Speed Remote Control Racing Car,Drift Cars,1:12,3123,2647,18,95030090,3904,20,25,In Stock,4WD,35 KM/H,Electric Brushed Motor,Rechargeable Li-ion Battery Pack (Included),2.4 GHz Multi-Channel Transmitter,25 × 17 × 15 cm,1.4 kg,8+ Years,N/A,N/A,0,"The H22206-B RC Car is designed for high-speed racing and smooth remote control performance. With a durable build and stable handling, it runs efficiently on multiple surfaces. Ideal for exciting races and outdoor adventures, making it a great choice for both beginners and RC car enthusiasts. 🚗","The H22206-B RC Car is designed for high-speed racing and smooth remote control performance. With a durable build and stable handling, it runs efficiently on multiple surfaces. Ideal for exciting races and outdoor adventures, making it a great choice for both beginners and RC car enthusiasts. 🚗"
4,H124006,1:12 4WD 45KM/H 2.4G Remote Wrangler RC Crawler Car,Off Road Crawlers,1:12,19998,16947,18,95030090,24998,20,25,In Stock,4WD,45KM/H,Electric Brushed Motor,Rechargeable Li-ion Battery Pack (Included),2.4 GHz Multi-Channel Transmitter,47 × 29 × 28 cm,3.7 kg,8+ Years,N/A,N/A,0,"Powerful 1:12 Scale 4WD Wrangler RC Crawler Car with 2.4GHz remote control and 45KM/H high speed performance. Designed for off-road climbing, drifting, and rough terrain driving with strong grip tires and durable body, making it perfect for adventure and hobby-grade RC fun. 🚗","Powerful 1:12 Scale 4WD Wrangler RC Crawler Car with 2.4GHz remote control and 45KM/H high speed performance. Designed for off-road climbing, drifting, and rough terrain driving with strong grip tires and durable body, making it perfect for adventure and hobby-grade RC fun. 🚗"
5,H12429,1:12 Electric 4WD Simulation High Speed Remote Control Climbing SUV Car Model Toys with LED Light,Buggies & Truggies,1:12,21248,18007,18,95030090,26560,20,25,In Stock,4WD,35 KM/H,Electric Brushed Motor,Rechargeable Li-ion Battery Pack (Included),2.4 GHz Multi-Channel Transmitter,48 × 27 × 21 cm,4 kg,8+ Years,N/A,N/A,0,"High-performance 1:12 Electric 4WD Simulation SUV RC Car with high-speed remote control system and LED lights. Built for off-road climbing, rough terrain driving, and realistic SUV styling, delivering powerful performance and exciting RC adventure for hobby lovers. 🚗","High-performance 1:12 Electric 4WD Simulation SUV RC Car with high-speed remote control system and LED lights. Built for off-road climbing, rough terrain driving, and realistic SUV styling, delivering powerful performance and exciting RC adventure for hobby lovers. 🚗"
6,H144018,1:14 Scale 4WD High-Speed Brushless RC Car | 2.4GHz Off-Road Racing Monster Truck,Monster Trucks,1:14,12498,10592,18,95030090,15623,20,25,In Stock,4WD,35km/h,carbon 390 type,7.4V 1500mah li-poly battery,4 channels (2.4 GHz),38 × 33 × 25 cm,2.5 kg,14 Years & up,N/A,N/A,0,"The 144018 RC Car is a high-performance 1:14 scale 4WD off-road racing vehicle designed for speed and durability. Equipped with a powerful motor, strong suspension, and responsive 2.4GHz remote control, it delivers smooth handling on rough terrains. Perfect for hobby enthusiasts who enjoy fast, thrilling RC driving experiences. 🚗💨","The 144018 RC Car is a high-performance 1:14 scale 4WD off-road racing vehicle designed for speed and durability. Equipped with a powerful motor, strong suspension, and responsive 2.4GHz remote control, it delivers smooth handling on rough terrains. Perfect for hobby enthusiasts who enjoy fast, thrilling RC driving experiences. 🚗💨"
7,H184021,1:18 Scale 2.4G Remote Control Climbing Truck With Lamp Two Speed Mode Vehicle High Speed Rc Car Toy,Off Road Crawlers,1:18,9998,8473,18,95030090,12498,20,25,In Stock,4WD,9KM/h,Electric Brushed Motor,7.4V 350mah,2 channels (2.4 GHz),35 × 25 × 30 cm,1.8 kg,14 Years & up,N/A,assets/uploads/prod_1787927140240_2945.png,1,"The H184021 RC Car is designed for fast and smooth remote-control performance. Featuring a responsive 2.4GHz control system, it ensures stable handling and long-range operation. Its durable body and strong tires make it suitable for racing, drifting, and exciting outdoor RC adventures.","The H184021 RC Car is designed for fast and smooth remote-control performance. Featuring a responsive 2.4GHz control system, it ensures stable handling and long-range operation. Its durable body and strong tires make it suitable for racing, drifting, and exciting outdoor RC adventures."
8,H124028,1:12 RC Brushless Crawler 4WD RC Car 60KM/H Electric High Speed Truck Off-road Car Model Toys for Adults,Racing Cars,1:12,24375,20657,18,95030090,30469,20,25,In Stock,4WD,60KM/H,Brushless Motor,Rechargeable Li-ion Battery Pack (Included),2.4 GHz Multi-Channel Transmitter,43 × 26 × 22 cm,5.5 kg,8+ Years,N/A,N/A,0,"High-performance 1:12 RC Brushless 4WD Crawler Car with 60KM/H high-speed power and strong off-road capability. Designed for climbing, rough terrain driving, and high-speed racing, making it a perfect electric hobby-grade RC truck for adults and enthusiasts. 🚗","High-performance 1:12 RC Brushless 4WD Crawler Car with 60KM/H high-speed power and strong off-road capability. Designed for climbing, rough terrain driving, and high-speed racing, making it a perfect electric hobby-grade RC truck for adults and enthusiasts. 🚗"
9,H284161,1:28 Scale 4WD High Speed RC Car With LED Lights 2.4G Radio Remote Control Car Off-Road Drift Monster Model Trucks for Kids,Racing Cars,1:28,10485,8886,18,95030090,13106,20,25,In Stock,4WD,35 KM/H,Electric Brushed Motor,Rechargeable Li-ion Battery Pack (Included),3 Channels (2.4 GHz),26 × 22 × 16 cm,1.5 kg,"8 to 13 Years, 14 Years & up",N/A,N/A,0,"The H284161 RC Car offers powerful speed and smooth remote control for an exciting driving experience. Built with a strong and durable body, it provides stable handling on multiple surfaces. Perfect for racing and outdoor RC adventures, making it an ideal choice for both beginners and RC car enthusiasts. 🚗","The H284161 RC Car offers powerful speed and smooth remote control for an exciting driving experience. Built with a strong and durable body, it provides stable handling on multiple surfaces. Perfect for racing and outdoor RC adventures, making it an ideal choice for both beginners and RC car enthusiasts. 🚗"
10,H184011,1:18 Scale 4WD  RC High speed truck remote control Off Road Car 30KM/H RC Car Model Toys,Buggies & Truggies,1:18,7498,6354,18,95030090,9373,20,25,In Stock,4WD,30KM/H,Electric Brushed Motor,7.4V 900mAh,2.4 GHz Multi-Channel Transmitter,40 × 25 × 20 cm,2 kg,8+ Years,N/A,N/A,0,"Experience high-speed off-road action with our 1:18 scale RC Buggies & Truggies. Designed for power, stability, and precision control, these models deliver thrilling performance on dirt, gravel, and rough terrain. Perfect for hobbyists and racing enthusiasts seeking durability, speed, and an authentic off-road driving experience. 🏎️💨","Experience high-speed off-road action with our 1:18 scale RC Buggies & Truggies. Designed for power, stability, and precision control, these models deliver thrilling performance on dirt, gravel, and rough terrain. Perfect for hobbyists and racing enthusiasts seeking durability, speed, and an authentic off-road driving experience. 🏎️💨"
11,H989,"1:28 4WD Drift RC Car, Remote Control Metal Aluminium Chassis Radio Control Toy with USB Cable Included",Drift Cars,1:28,9998,8473,18,95030090,12498,20,25,In Stock,4WD,35 KM/H,Electric Brushed Motor,Alkaline AA,2.4 GHz Multi-Channel Transmitter,32 × 25 × 25 cm,1.2 kg,9 Years & up,N/A,N/A,0,"The H989 RC Car is a compact high-speed remote control car designed for exciting racing fun. With responsive controls and a durable build, it delivers smooth performance on various surfaces. Perfect for quick races and everyday RC entertainment, making it ideal for both beginners and RC car enthusiasts. 🚗","The H989 RC Car is a compact high-speed remote control car designed for exciting racing fun. With responsive controls and a durable build, it delivers smooth performance on various surfaces. Perfect for quick races and everyday RC entertainment, making it ideal for both beginners and RC car enthusiasts. 🚗"
12,H144016,1:14 Scale 4WD RC Racing Buggy 4X4 RTR With 390 Magnetic Brushed Motor and Independent Suspension,Buggies & Truggies,1:14,11248,9532,18,95030090,14060,20,25,In Stock,4WD,35 KM/H,Electric Brushed Motor,Rechargeable Li-ion Battery Pack (Included),4 channels (2.4 GHz),39 × 13 × 24 cm,2.5 kg,"8 to 13 Years, 14 Years & up",N/A,N/A,0,"Experience high-speed off-road action with our 1:14 scale RC Buggies & Truggies. Designed for power, stability, and precision control, these models deliver thrilling performance on dirt, gravel, and rough terrain. Perfect for hobbyists and racing enthusiasts seeking durability, speed, and an authentic off-road driving experience. 🏎️💨","Experience high-speed off-road action with our 1:14 scale RC Buggies & Truggies. Designed for power, stability, and precision control, these models deliver thrilling performance on dirt, gravel, and rough terrain. Perfect for hobbyists and racing enthusiasts seeking durability, speed, and an authentic off-road driving experience. 🏎️💨"
13,H144002,1:14 2.4G Racing RC Car 50KM/H 4WD Alloy Metal Electric High Speed Car Off-Road Drift Remote Control Toys with Light,Monster Trucks,1:14,17498,14829,18,95030090,21873,20,25,In Stock,4WD,50KM/H,Electric Brushed Motor,Rechargeable Li-ion Battery Pack (Included),4 channels (2.4 GHz),46 × 30 × 19 cm,2.9 kg,"2 to 4 Years, 5 to 7 years, 8 to 13 Years, 14 Years & up",N/A,N/A,0,"The 144002 RC Car is a powerful 1:14 scale 4WD off-road racing vehicle built for speed and durability. Featuring a strong motor, responsive 2.4GHz remote control, and rugged suspension system, it delivers smooth handling on rough terrains. Perfect for RC enthusiasts who enjoy high-speed performance and exciting off-road adventures. 🚗💨","The 144002 RC Car is a powerful 1:14 scale 4WD off-road racing vehicle built for speed and durability. Featuring a strong motor, responsive 2.4GHz remote control, and rugged suspension system, it delivers smooth handling on rough terrains. Perfect for RC enthusiasts who enjoy high-speed performance and exciting off-road adventures. 🚗💨"
14,H12402A,"1:12 High Speed 45KM/H Racing Climbing Rc off Road Car Electric Remote Control,4wd Rc Car",Monster Trucks,1:12,19998,16947,18,95030090,24998,20,25,In Stock,4WD,45km/h,Electric Brushed Motor,7.4V 1500mAh Lithium Battery,4 channels (2.4 GHz),55 × 35 × 25 cm,4.5 kg,"8 to 13 Years, 14 Years & up",N/A,N/A,0,"High-performance 1:12 High-Speed 4WD RC Off-Road Car with 45KM/H racing speed and powerful climbing capability. Designed for electric remote control driving on rough terrains, racing tracks, and outdoor adventures, perfect for hobby-grade RC fun. 🚗","High-performance 1:12 High-Speed 4WD RC Off-Road Car with 45KM/H racing speed and powerful climbing capability. Designed for electric remote control driving on rough terrains, racing tracks, and outdoor adventures, perfect for hobby-grade RC fun. 🚗"
15,H22201,1:22 Scale 2WD Vehicle Model Radio Control With Light Off Road 2.4G Remote Control High Speed 22KM/H RC Car,Monster Trucks,1:22,5748,4871,18,95030090,7185,20,25,In Stock,2WD,22KM/H,Electric Brushed Motor,Rechargeable Li-ion Battery Pack (Included),2.4 GHz Multi-Channel Transmitter,25 × 25 × 15 cm,1 kg,8+ Years,N/A,N/A,0,"The H22201 RC Car delivers exciting speed and precise remote control for a thrilling driving experience. Built with a durable body and reliable performance, it handles different surfaces with ease. Perfect for racing, drifting, and everyday RC fun, making it a great choice for both beginners and RC car enthusiasts. 🚗","The H22201 RC Car delivers exciting speed and precise remote control for a thrilling driving experience. Built with a durable body and reliable performance, it handles different surfaces with ease. Perfect for racing, drifting, and everyday RC fun, making it a great choice for both beginners and RC car enthusiasts. 🚗"
16,H184008B,1:18 60KM/H 4WD Oil Shock RC Cars Professional Monster Truck High Speed Drift Racing Remote Control Car for Boys,Monster Trucks,1:18,13748,11651,18,95030090,17185,20,25,In Stock,4WD,60KM/H,Electric Brushed Motor,7.4V 1200Mh 20C Lithium Battery,2.4 GHz Multi-Channel Transmitter,36 × 28 × 23 cm,2.5 kg,14 Years & up,N/A,N/A,0,"The H184008B RC Car delivers smooth control and exciting high-speed performance. Equipped with a reliable 2.4GHz remote system, it offers stable handling and responsive driving. Its durable design and strong tires make it ideal for racing, drifting, and fun outdoor RC adventures.","The H184008B RC Car delivers smooth control and exciting high-speed performance. Equipped with a reliable 2.4GHz remote system, it offers stable handling and responsive driving. Its durable design and strong tires make it ideal for racing, drifting, and fun outdoor RC adventures."
17,H104311,1:10 4WD Hobby Truck 4*4 Radio Control Rock Crawler Vehicle Toys Four Wheel Drive RTR 2.4G RC Big 4X4 Climbing Car,Off Road Crawlers,1:10,11998,10168,18,95030090,14998,20,25,In Stock,4WD,35 KM/H,Electric Brushed Motor,Rechargeable Li-ion Battery Pack (Included),2.4 GHz Multi-Channel Transmitter,58.5 × 34 × 33 cm,4.3 kg,8+ Years,N/A,N/A,0,"1:10 Scale Off-Road RC Car built for speed, power, and rugged terrain. Designed with high-grip tires and a durable suspension system, it easily handles dirt, gravel, and rough tracks. Experience thrilling performance, precise control, and long-lasting fun—perfect for both beginners and RC enthusiasts who love off-road adventures. 🚗💨","1:10 Scale Off-Road RC Car built for speed, power, and rugged terrain. Designed with high-grip tires and a durable suspension system, it easily handles dirt, gravel, and rough tracks. Experience thrilling performance, precise control, and long-lasting fun—perfect for both beginners and RC enthusiasts who love off-road adventures. 🚗💨"
18,H104001,1:10 Scale RC Car High Speed 4WD Drive Off-road Buggy Radio Control Electric Racing Car Toy Vehicle,Buggies & Truggies,1:10,20120,17051,18,95030090,25150,20,25,In Stock,4WD,35 KM/H,Electric Brushed Motor,Rechargeable Li-ion Battery Pack (Included),4 channels (2.4 GHz),47.5 × 27.5 × 14 cm,18.5 kg,"2 to 4 Years, 5 to 7 years, 8 to 13 Years, 14 Years & up",N/A,N/A,0,"Experience high-speed off-road action with our 1:10 scale RC Buggies & Truggies. Designed for power, stability, and precision control, these models deliver thrilling performance on dirt, gravel, and rough terrain. Perfect for hobbyists and racing enthusiasts seeking durability, speed, and an authentic off-road driving experience. 🏎️💨","Experience high-speed off-road action with our 1:10 scale RC Buggies & Truggies. Designed for power, stability, and precision control, these models deliver thrilling performance on dirt, gravel, and rough terrain. Perfect for hobbyists and racing enthusiasts seeking durability, speed, and an authentic off-road driving experience. 🏎️💨"
19,H104026-Y,1:10 Professional RC Car Off Road 4x4 2.4G 4WD Remote Control Cars 45 Minutes Working Time Climbing Car Adult Toy,Off Road Crawlers,1:10,41248,34956,18,95030090,51560,20,25,In Stock,4WD,35 KM/H,Electric Brushed Motor,Rechargeable Li-ion Battery Pack (Included),2.4 GHz Multi-Channel Transmitter,61 × 31 × 33 cm,13 kg,8+ Years,N/A,N/A,0,"1:10 Scale Off-Road RC Car built for speed, power, and rugged terrain. Designed with high-grip tires and a durable suspension system, it easily handles dirt, gravel, and rough tracks. Experience thrilling performance, precise control, and long-lasting fun—perfect for both beginners and RC enthusiasts who love off-road adventures. 🚗💨","1:10 Scale Off-Road RC Car built for speed, power, and rugged terrain. Designed with high-grip tires and a durable suspension system, it easily handles dirt, gravel, and rough tracks. Experience thrilling performance, precise control, and long-lasting fun—perfect for both beginners and RC enthusiasts who love off-road adventures. 🚗💨"
20,H284010,1:28 RC Car 4WD Remote Control Car High Speed Racing 2.4GHz Off-Road RTR Rally Drift Car Toys for Children,Drift Cars,1:28,11237,9523,18,95030090,14046,20,25,In Stock,4WD,35 KM/H,Electric Brushed Motor,Rechargeable Li-ion Battery Pack (Included),2.4 GHz Multi-Channel Transmitter,27 × 22 × 16 cm,1.5 kg,8+ Years,N/A,N/A,0,"The H284010 RC Car delivers exciting speed and smooth remote control handling for a thrilling driving experience. Built with a durable body and stable performance, it runs efficiently on different surfaces. Perfect for racing and everyday RC fun, making it a great choice for both beginners and RC car enthusiasts. 🚗","The H284010 RC Car delivers exciting speed and smooth remote control handling for a thrilling driving experience. Built with a durable body and stable performance, it runs efficiently on different surfaces. Perfect for racing and everyday RC fun, making it a great choice for both beginners and RC car enthusiasts. 🚗"
21,H104020-G,1:10 4WD Hobby Truck 4*4 Radio Control Rock Crawler Vehicle Toys Four Wheel Drive RTR 2.4G RC Big 4X4 Climbing Car,Off Road Crawlers,1:10,41248,34956,18,95030090,51560,20,25,In Stock,4WD,35 KM/H,Electric Brushed Motor,Rechargeable Li-ion Battery Pack (Included),2.4 GHz Multi-Channel Transmitter,60 × 33 × 35 cm,10 kg,8+ Years,N/A,N/A,0,"1:10 Scale Off-Road RC Car built for speed, power, and rugged terrain. Designed with high-grip tires and a durable suspension system, it easily handles dirt, gravel, and rough tracks. Experience thrilling performance, precise control, and long-lasting fun—perfect for both beginners and RC enthusiasts who love off-road adventures. 🚗💨","1:10 Scale Off-Road RC Car built for speed, power, and rugged terrain. Designed with high-grip tires and a durable suspension system, it easily handles dirt, gravel, and rough tracks. Experience thrilling performance, precise control, and long-lasting fun—perfect for both beginners and RC enthusiasts who love off-road adventures. 🚗💨"
22,H12427,1:12 4WD 2.4G 50KM/H High Speed Cars Monster Truck Radio Control RC Buggy RC Car Upgrade Version,Buggies & Truggies,1:12,19998,16947,18,95030090,24998,20,25,In Stock,4WD,50KM/H,Electric Brushed Motor,Rechargeable Li-ion Battery Pack (Included),2.4 GHz Multi-Channel Transmitter,56 × 29 × 25 cm,3.3 kg,8+ Years,N/A,N/A,0,"Experience high-speed off-road action with our 1:12 scale RC Buggies & Truggies. Designed for power, stability, and precision control, these models deliver thrilling performance on dirt, gravel, and rough terrain. Perfect for hobbyists and racing enthusiasts seeking durability, speed, and an authentic off-road driving experience. 🏎️💨","Experience high-speed off-road action with our 1:12 scale RC Buggies & Truggies. Designed for power, stability, and precision control, these models deliver thrilling performance on dirt, gravel, and rough terrain. Perfect for hobbyists and racing enthusiasts seeking durability, speed, and an authentic off-road driving experience. 🏎️💨"
23,H184008,1:18 60KM/H 4WD RC Cars Professional Monster Truck High Speed Drift Racing Remote Control Cars Kids Toy,Monster Trucks,1:18,12498,10592,18,95030090,15623,20,25,In Stock,4WD,60KM/H,Electric Brushed Motor,Rechargeable Li-ion Battery Pack (Included),2.4 GHz Multi-Channel Transmitter,32 × 25 × 15 cm,2.5 kg,8+ Years,N/A,N/A,0,"The H184008 RC Car is built for exciting speed and smooth remote-control performance. With a reliable 2.4GHz control system, it provides stable handling and responsive driving. Its durable body and strong tires make it perfect for racing, drifting, and outdoor RC adventures.","The H184008 RC Car is built for exciting speed and smooth remote-control performance. With a reliable 2.4GHz control system, it provides stable handling and responsive driving. Its durable body and strong tires make it perfect for racing, drifting, and outdoor RC adventures."
104010,H104010-B,1:10 4WD High Speed Brushless Monster Truck (Blue),Monster Trucks,1:10,11999,10169,18,95030090,15999,20,20,In Stock,4WD,35 KM/H,Electric Brushed Motor,Rechargeable Li-ion Battery Pack (Included),2.4 GHz Multi-Channel Transmitter,59.2 × 27.2 × 30 cm,5.9 kg,8+ Years,N/A,N/A,0,"1:10 Scale Off-Road RC Car built for speed, power, and rugged terrain. Designed with high-grip tires and a durable suspension system, it easily handles dirt, gravel, and rough tracks. Experience thrilling performance, precise control, and long-lasting fun—perfect for both beginners and RC enthusiasts who love off-road adventures. 🚗💨","1:10 Scale Off-Road RC Car built for speed, power, and rugged terrain. Designed with high-grip tires and a durable suspension system, it easily handles dirt, gravel, and rough tracks. Experience thrilling performance, precise control, and long-lasting fun—perfect for both beginners and RC enthusiasts who love off-road adventures. 🚗💨"
25,H104310,1:10 Suspended Double Straight Bridge Off-road Toy Car Electric Four-wheel Drive Climbing Racing Toy Car Model,Buggies & Truggies,1:10,11998,10168,18,95030090,14998,20,25,In Stock,4WD,10km/h,Electric Brushed Motor,7.4v-1200mah,4 channels (2.4 GHz),51 × 31 × 26 cm,2 kg,"8 to 13 Years, 14 Years & up",N/A,N/A,0,"Experience high-speed off-road action with our 1:10 scale RC Buggies & Truggies. Designed for power, stability, and precision control, these models deliver thrilling performance on dirt, gravel, and rough terrain. Perfect for hobbyists and racing enthusiasts seeking durability, speed, and an authentic off-road driving experience. 🏎️💨","Experience high-speed off-road action with our 1:10 scale RC Buggies & Truggies. Designed for power, stability, and precision control, these models deliver thrilling performance on dirt, gravel, and rough terrain. Perfect for hobbyists and racing enthusiasts seeking durability, speed, and an authentic off-road driving experience. 🏎️💨"
26,H104019,1:10 RC Car 2.4G 4WD 55KM/H High Brushless 2 CH Hobby Grade RC Car for Boys,Monster Trucks,1:10,24998,21185,18,95030090,31248,20,25,In Stock,4WD,5kmh,Brushless Motor,Rechargeable Li-ion Battery Pack (Included),2.4 GHz Multi-Channel Transmitter,61 × 43 × 45 cm,13.5 kg,"8 to 13 Years, 14 Years & up",N/A,N/A,0,"Enjoy powerful performance with this 1:10 Scale 4WD Brushless RC Car featuring 2.4GHz control and speeds up to 55KM/H. Built for hobby-grade racing, it delivers strong power, smooth handling, and high-speed action, making it perfect for outdoor racing, drifting, and RC enthusiasts who love fast and exciting driving. 🚗💨","Enjoy powerful performance with this 1:10 Scale 4WD Brushless RC Car featuring 2.4GHz control and speeds up to 55KM/H. Built for hobby-grade racing, it delivers strong power, smooth handling, and high-speed action, making it perfect for outdoor racing, drifting, and RC enthusiasts who love fast and exciting driving. 🚗💨"
27,H184020-B,1:18 Electric Off-Road Climbing Vehicle 2.4GHz 4WD Rc Mountain Car with LED Lights Metal Material,Off Road Crawlers,1:18,6248,5295,18,95030090,7810,20,25,In Stock,4WD,35 KM/H,Electric Brushed Motor,Rechargeable Li-ion Battery Pack (Included),2.4 GHz Multi-Channel Transmitter,32 × 22 × 22 cm,2.6 kg,8+ Years,N/A,N/A,0,"The H184020-B RC Car is designed for fast, stable, and smooth remote-control performance. Featuring a reliable 2.4GHz control system, it ensures responsive handling and long-range operation. Its durable body and strong tires make it perfect for racing, drifting, and exciting outdoor RC adventures.","The H184020-B RC Car is designed for fast, stable, and smooth remote-control performance. Featuring a reliable 2.4GHz control system, it ensures responsive handling and long-range operation. Its durable body and strong tires make it perfect for racing, drifting, and exciting outdoor RC adventures."
28,H204006-O,1:20 High Speed RC Trail Truck 50KM/H Waterproof 4WD Car Dual Differentials 7.4V Li-ion Battery for Extreme Racing,Monster Trucks,1:20,10623,9003,18,95030090,13279,20,25,In Stock,4WD,50KM/H,Electric Brushed Motor,Rechargeable Li-ion Battery Pack (Included),2.4 GHz Multi-Channel Transmitter,33 × 22 × 25 cm,2 kg,8+ Years,N/A,N/A,0,"The H204006-O RC Car is built for thrilling speed and smooth remote control performance. Designed with a durable body and stable handling, it delivers exciting racing action on different surfaces. Its responsive controls and strong build make it perfect for both beginners and RC car enthusiasts who enjoy high-speed driving and fun adventures. 🚗","The H204006-O RC Car is built for thrilling speed and smooth remote control performance. Designed with a durable body and stable handling, it delivers exciting racing action on different surfaces. Its responsive controls and strong build make it perfect for both beginners and RC car enthusiasts who enjoy high-speed driving and fun adventures. 🚗"
29,BG1550-Y,1:20 Scale 4WD RC Pickup Truck SUV Car Off Road with Shock Absorber Water Resistant 2.4GHz Remote Control for Outdoor Fun,Monster Trucks,1:20,6248,5295,18,95030090,7810,20,25,In Stock,4WD,35 KM/H,Electric Brushed Motor,Rechargeable Li-ion Battery Pack (Included),2.4 GHz Multi-Channel Transmitter,45 × 24 × 35 cm,2.4 kg,8+ Years,N/A,N/A,0,"The BG1550-Y RC Car delivers exciting speed and responsive control for an engaging driving experience. Built with a durable body and stable performance, it handles different surfaces with ease. Perfect for racing, drifting, and everyday RC fun, making it a great choice for both beginners and hobby-grade RC car enthusiasts. 🚗","The BG1550-Y RC Car delivers exciting speed and responsive control for an engaging driving experience. Built with a durable body and stable performance, it handles different surfaces with ease. Perfect for racing, drifting, and everyday RC fun, making it a great choice for both beginners and hobby-grade RC car enthusiasts. 🚗"
30,H969,"1:28 4WD Drift RC Car, Remote Control Metal Aluminium Chassis Radio Control Toy with USB Cable Included",Drift Cars,1:28,9998,8473,18,95030090,12498,20,25,In Stock,4WD,35 KM/H,Electric Brushed Motor,Rechargeable Li-ion Battery Pack (Included),2.4 GHz Multi-Channel Transmitter,32 × 25 × 25 cm,1.2 kg,8+ Years,N/A,N/A,0,"The H969 RC Car is built for high-speed action and smooth remote control performance. With a durable design and stable handling, it runs efficiently on various surfaces. Perfect for racing and outdoor fun, making it a great choice for beginners and RC car enthusiasts alike. 🚗","The H969 RC Car is built for high-speed action and smooth remote control performance. With a durable design and stable handling, it runs efficiently on various surfaces. Perfect for racing and outdoor fun, making it a great choice for beginners and RC car enthusiasts alike. 🚗"
31,2464500-DBU,1:24 Redbull F1 RB19,Collectables,1:24,3999,3389,18,95030090,4999,20,25,In Stock,4WD,35 KM/H,Electric Brushed Motor,Rechargeable Li-ion Battery Pack (Included),2.4 GHz Multi-Channel Transmitter,25 × 12 × 11 cm,1 kg,8+ Years,N/A,N/A,0,"Premium 1:24 scale collectible car models crafted for enthusiasts and collectors. Designed with precision detailing, realistic proportions, and high-quality materials, these models capture the spirit of iconic automobiles. Perfect for display, gifting, or building a stunning collection.","Premium 1:24 scale collectible car models crafted for enthusiasts and collectors. Designed with precision detailing, realistic proportions, and high-quality materials, these models capture the spirit of iconic automobiles. Perfect for display, gifting, or building a stunning collection."
32,1843800-B,1:18 Bentley Mulsanne Champagne,Collectables,1:18,8999,7626,18,95030090,11249,20,25,In Stock,4WD,35 KM/H,Electric Brushed Motor,Rechargeable Li-ion Battery Pack (Included),2.4 GHz Multi-Channel Transmitter,32 × 16 × 14 cm,1.3 kg,8+ Years,N/A,N/A,0,"Premium 1:18 scale collectible car models crafted for enthusiasts and collectors. Designed with precision detailing, realistic proportions, and high-quality materials, these models capture the spirit of iconic automobiles. Perfect for display, gifting, or building a stunning collection.","Premium 1:18 scale collectible car models crafted for enthusiasts and collectors. Designed with precision detailing, realistic proportions, and high-quality materials, these models capture the spirit of iconic automobiles. Perfect for display, gifting, or building a stunning collection."
33,1843900-B,1:18 Bugatti grand sport vitesse,Collectables,1:18,8999,7626,18,95030090,11249,20,25,In Stock,4WD,35 KM/H,Electric Brushed Motor,Rechargeable Li-ion Battery Pack (Included),2.4 GHz Multi-Channel Transmitter,32 × 16 × 14 cm,1.3 kg,8+ Years,N/A,N/A,0,"Premium 1:18 scale collectible car models crafted for enthusiasts and collectors. Designed with precision detailing, realistic proportions, and high-quality materials, these models capture the spirit of iconic automobiles. Perfect for display, gifting, or building a stunning collection.","Premium 1:18 scale collectible car models crafted for enthusiasts and collectors. Designed with precision detailing, realistic proportions, and high-quality materials, these models capture the spirit of iconic automobiles. Perfect for display, gifting, or building a stunning collection."
34,1863800-Blue,1:18 Lamborghini Huracan STO,Collectables,1:18,8999,7626,18,95030090,11249,20,25,In Stock,4WD,35 KM/H,Electric Brushed Motor,Rechargeable Li-ion Battery Pack (Included),2.4 GHz Multi-Channel Transmitter,32 × 19 × 13 cm,1.3 kg,8+ Years,N/A,N/A,0,"Premium 1:18 scale collectible car models crafted for enthusiasts and collectors. Designed with precision detailing, realistic proportions, and high-quality materials, these models capture the spirit of iconic automobiles. Perfect for display, gifting, or building a stunning collection.","Premium 1:18 scale collectible car models crafted for enthusiasts and collectors. Designed with precision detailing, realistic proportions, and high-quality materials, these models capture the spirit of iconic automobiles. Perfect for display, gifting, or building a stunning collection."
35,2456800-O,1:24 Mclaren F1 MCL36,Collectables,1:24,3999,3389,18,95030090,4999,20,25,In Stock,4WD,35 KM/H,Electric Brushed Motor,Rechargeable Li-ion Battery Pack (Included),2.4 GHz Multi-Channel Transmitter,25 × 15 × 11 cm,1 kg,8+ Years,N/A,N/A,0,"Premium 1:24 scale collectible car models crafted for enthusiasts and collectors. Designed with precision detailing, realistic proportions, and high-quality materials, these models capture the spirit of iconic automobiles. Perfect for display, gifting, or building a stunning collection.","Premium 1:24 scale collectible car models crafted for enthusiasts and collectors. Designed with precision detailing, realistic proportions, and high-quality materials, these models capture the spirit of iconic automobiles. Perfect for display, gifting, or building a stunning collection."
36,1861300-O,1:18 Lamborghini Aventador LP700,Collectables,1:18,8999,7626,18,95030090,11249,20,25,In Stock,4WD,35 KM/H,Electric Brushed Motor,Rechargeable Li-ion Battery Pack (Included),2.4 GHz Multi-Channel Transmitter,32 × 19 × 13 cm,1.3 kg,8+ Years,N/A,N/A,0,"Premium 1:18 scale collectible car models crafted for enthusiasts and collectors. Designed with precision detailing, realistic proportions, and high-quality materials, these models capture the spirit of iconic automobiles. Perfect for display, gifting, or building a stunning collection.","Premium 1:18 scale collectible car models crafted for enthusiasts and collectors. Designed with precision detailing, realistic proportions, and high-quality materials, these models capture the spirit of iconic automobiles. Perfect for display, gifting, or building a stunning collection."
37,18JJ250BUGDI-G,1:18 Bugatti Divo,Collectables,1:18,5999,5084,18,95030090,7499,20,25,In Stock,4WD,35 KM/H,Electric Brushed Motor,Rechargeable Li-ion Battery Pack (Included),2.4 GHz Multi-Channel Transmitter,23 × 11 × 10 cm,0.9 kg,8+ Years,N/A,N/A,0,"Premium 1/18 scale collectible car models crafted for enthusiasts and collectors. Designed with precision detailing, realistic proportions, and high-quality materials, these models capture the spirit of iconic automobiles. Perfect for display, gifting, or building a stunning collection.","Premium 1/18 scale collectible car models crafted for enthusiasts and collectors. Designed with precision detailing, realistic proportions, and high-quality materials, these models capture the spirit of iconic automobiles. Perfect for display, gifting, or building a stunning collection."
38,24JJ251BM-Y,1:24 Bugatti Mistral,Collectables,1:24,5999,5084,18,95030090,7499,20,25,In Stock,4WD,35 KM/H,Electric Brushed Motor,Rechargeable Li-ion Battery Pack (Included),2.4 GHz Multi-Channel Transmitter,23 × 11 × 10 cm,0.9 kg,8+ Years,N/A,N/A,0,"Premium 1:24 scale collectible car models crafted for enthusiasts and collectors. Designed with precision detailing, realistic proportions, and high-quality materials, these models capture the spirit of iconic automobiles. Perfect for display, gifting, or building a stunning collection.","Premium 1:24 scale collectible car models crafted for enthusiasts and collectors. Designed with precision detailing, realistic proportions, and high-quality materials, these models capture the spirit of iconic automobiles. Perfect for display, gifting, or building a stunning collection."
39,24JJ252Mc-W,1:24 McLaren P1 GTR,Collectables,1:24,5999,5084,18,95030090,7499,20,25,In Stock,4WD,35 KM/H,Electric Brushed Motor,Rechargeable Li-ion Battery Pack (Included),2.4 GHz Multi-Channel Transmitter,23 × 11 × 10 cm,0.9 kg,8+ Years,N/A,N/A,0,"Premium 1:24 scale collectible car models crafted for enthusiasts and collectors. Designed with precision detailing, realistic proportions, and high-quality materials, these models capture the spirit of iconic automobiles. Perfect for display, gifting, or building a stunning collection.","Premium 1:24 scale collectible car models crafted for enthusiasts and collectors. Designed with precision detailing, realistic proportions, and high-quality materials, these models capture the spirit of iconic automobiles. Perfect for display, gifting, or building a stunning collection."
40,32JJ247AMV-LG,1:32 Aston Martin Valkyrie,Collectables,1:32,1799,1525,18,95030090,2249,20,25,In Stock,4WD,35 KM/H,Electric Brushed Motor,Rechargeable Li-ion Battery Pack (Included),2.4 GHz Multi-Channel Transmitter,18 × 9 × 9 cm,0.4 kg,8+ Years,N/A,N/A,0,"Premium 1:32 scale collectible car models crafted for enthusiasts and collectors. Designed with precision detailing, realistic proportions, and high-quality materials, these models capture the spirit of iconic automobiles. Perfect for display, gifting, or building a stunning collection.","Premium 1:32 scale collectible car models crafted for enthusiasts and collectors. Designed with precision detailing, realistic proportions, and high-quality materials, these models capture the spirit of iconic automobiles. Perfect for display, gifting, or building a stunning collection."
41,32JJ248BU-G,1:32 Bugatti Divo,Collectables,1:32,1799,1525,18,95030090,2249,20,25,In Stock,4WD,35 KM/H,Electric Brushed Motor,Rechargeable Li-ion Battery Pack (Included),2.4 GHz Multi-Channel Transmitter,18 × 9 × 9 cm,0.4 kg,8+ Years,N/A,N/A,0,"Premium 1:32 scale collectible car models crafted for enthusiasts and collectors. Designed with precision detailing, realistic proportions, and high-quality materials, these models capture the spirit of iconic automobiles. Perfect for display, gifting, or building a stunning collection.","Premium 1:32 scale collectible car models crafted for enthusiasts and collectors. Designed with precision detailing, realistic proportions, and high-quality materials, these models capture the spirit of iconic automobiles. Perfect for display, gifting, or building a stunning collection."
42,POS-H09,1:64 Hypercar League Collection-09 Bugatti Chiron Supersport,Collectables,1:64,2999,2542,18,95030090,3749,20,25,In Stock,4WD,35 KM/H,Electric Brushed Motor,Rechargeable Li-ion Battery Pack (Included),2.4 GHz Multi-Channel Transmitter,11 × 6 × 5 cm,0.15 kg,8+ Years,N/A,N/A,0,"Premium 1:64 scale collectible car models crafted for enthusiasts and collectors. Designed with precision detailing, realistic proportions, and high-quality materials, these models capture the spirit of iconic automobiles. Perfect for display, gifting, or building a stunning collection.","Premium 1:64 scale collectible car models crafted for enthusiasts and collectors. Designed with precision detailing, realistic proportions, and high-quality materials, these models capture the spirit of iconic automobiles. Perfect for display, gifting, or building a stunning collection."
43,POS-H10,1:64 Hypercar League Collection-10 Bugatti Chiron Supersport,Collectables,1:64,2999,2542,18,95030090,3749,20,25,In Stock,4WD,35 KM/H,Electric Brushed Motor,Rechargeable Li-ion Battery Pack (Included),2.4 GHz Multi-Channel Transmitter,11 × 6 × 5 cm,0.15 kg,8+ Years,N/A,N/A,0,"Premium 1:64 scale collectible car models crafted for enthusiasts and collectors. Designed with precision detailing, realistic proportions, and high-quality materials, these models capture the spirit of iconic automobiles. Perfect for display, gifting, or building a stunning collection.","Premium 1:64 scale collectible car models crafted for enthusiasts and collectors. Designed with precision detailing, realistic proportions, and high-quality materials, these models capture the spirit of iconic automobiles. Perfect for display, gifting, or building a stunning collection."
44,POS-H08,1:64 Hypercar League Collection-08 Lamborghini Sián FKP 37,Collectables,1:64,2999,2542,18,95030090,3749,20,25,In Stock,4WD,35 KM/H,Electric Brushed Motor,Rechargeable Li-ion Battery Pack (Included),2.4 GHz Multi-Channel Transmitter,11 × 6 × 5 cm,0.15 kg,8+ Years,N/A,N/A,0,"Premium 1:64 scale collectible car models crafted for enthusiasts and collectors. Designed with precision detailing, realistic proportions, and high-quality materials, these models capture the spirit of iconic automobiles. Perfect for display, gifting, or building a stunning collection.","Premium 1:64 scale collectible car models crafted for enthusiasts and collectors. Designed with precision detailing, realistic proportions, and high-quality materials, these models capture the spirit of iconic automobiles. Perfect for display, gifting, or building a stunning collection."
45,POS-H07,1:64 Hypercar League Collection-07 Lamborghini Sián FKP 37,Collectables,1:64,2999,2542,18,95030090,3749,20,25,In Stock,4WD,35 KM/H,Electric Brushed Motor,Rechargeable Li-ion Battery Pack (Included),2.4 GHz Multi-Channel Transmitter,11 × 6 × 5 cm,0.15 kg,8+ Years,N/A,N/A,0,"Premium 1:64 scale collectible car models crafted for enthusiasts and collectors. Designed with precision detailing, realistic proportions, and high-quality materials, these models capture the spirit of iconic automobiles. Perfect for display, gifting, or building a stunning collection.","Premium 1:64 scale collectible car models crafted for enthusiasts and collectors. Designed with precision detailing, realistic proportions, and high-quality materials, these models capture the spirit of iconic automobiles. Perfect for display, gifting, or building a stunning collection."
46,POS-H06,1:64 Hypercar League Collection-06 Koenigsegg Jesko Absolut,Collectables,1:64,2999,2542,18,95030090,3749,20,25,In Stock,4WD,35 KM/H,Electric Brushed Motor,Rechargeable Li-ion Battery Pack (Included),2.4 GHz Multi-Channel Transmitter,11 × 6 × 5 cm,0.15 kg,8+ Years,N/A,N/A,0,"Premium 1:64 scale collectible car models crafted for enthusiasts and collectors. Designed with precision detailing, realistic proportions, and high-quality materials, these models capture the spirit of iconic automobiles. Perfect for display, gifting, or building a stunning collection.","Premium 1:64 scale collectible car models crafted for enthusiasts and collectors. Designed with precision detailing, realistic proportions, and high-quality materials, these models capture the spirit of iconic automobiles. Perfect for display, gifting, or building a stunning collection."
47,POS-H05,1:64 Hypercar League Collection-05 Koenigsegg Jesko Absolut,Collectables,1:64,2999,2542,18,95030090,3749,20,25,In Stock,4WD,35 KM/H,Electric Brushed Motor,Rechargeable Li-ion Battery Pack (Included),2.4 GHz Multi-Channel Transmitter,11 × 6 × 5 cm,0.15 kg,8+ Years,N/A,N/A,0,"Premium 1:64 scale collectible car models crafted for enthusiasts and collectors. Designed with precision detailing, realistic proportions, and high-quality materials, these models capture the spirit of iconic automobiles. Perfect for display, gifting, or building a stunning collection.","Premium 1:64 scale collectible car models crafted for enthusiasts and collectors. Designed with precision detailing, realistic proportions, and high-quality materials, these models capture the spirit of iconic automobiles. Perfect for display, gifting, or building a stunning collection."
48,POS-H24,1:64 Hypercar League Collection-24 Bugatti Mistral,Collectables,1:64,2999,2542,18,95030090,3749,20,25,In Stock,4WD,35 KM/H,Electric Brushed Motor,Rechargeable Li-ion Battery Pack (Included),2.4 GHz Multi-Channel Transmitter,11 × 6 × 5 cm,0.15 kg,8+ Years,N/A,N/A,0,"Premium 1:64 scale collectible car models crafted for enthusiasts and collectors. Designed with precision detailing, realistic proportions, and high-quality materials, these models capture the spirit of iconic automobiles. Perfect for display, gifting, or building a stunning collection.","Premium 1:64 scale collectible car models crafted for enthusiasts and collectors. Designed with precision detailing, realistic proportions, and high-quality materials, these models capture the spirit of iconic automobiles. Perfect for display, gifting, or building a stunning collection."
49,POS-H23,1:64 Hypercar League Collection-23 Bugatti Mistral,Collectables,1:64,2999,2542,18,95030090,3749,20,25,In Stock,4WD,35 KM/H,Electric Brushed Motor,Rechargeable Li-ion Battery Pack (Included),2.4 GHz Multi-Channel Transmitter,11 × 6 × 5 cm,0.15 kg,8+ Years,N/A,N/A,0,"Premium 1:64 scale collectible car models crafted for enthusiasts and collectors. Designed with precision detailing, realistic proportions, and high-quality materials, these models capture the spirit of iconic automobiles. Perfect for display, gifting, or building a stunning collection.","Premium 1:64 scale collectible car models crafted for enthusiasts and collectors. Designed with precision detailing, realistic proportions, and high-quality materials, these models capture the spirit of iconic automobiles. Perfect for display, gifting, or building a stunning collection."
50,POS-H22,1:64 Hypercar League Collection-22 Pagani Huayra Codalunga,Collectables,1:64,2999,2542,18,95030090,3749,20,25,In Stock,4WD,35 KM/H,Electric Brushed Motor,Rechargeable Li-ion Battery Pack (Included),2.4 GHz Multi-Channel Transmitter,11 × 6 × 5 cm,0.15 kg,8+ Years,N/A,N/A,0,"Premium 1:64 scale collectible car models crafted for enthusiasts and collectors. Designed with precision detailing, realistic proportions, and high-quality materials, these models capture the spirit of iconic automobiles. Perfect for display, gifting, or building a stunning collection.","Premium 1:64 scale collectible car models crafted for enthusiasts and collectors. Designed with precision detailing, realistic proportions, and high-quality materials, these models capture the spirit of iconic automobiles. Perfect for display, gifting, or building a stunning collection."
51,POS-H21,1:64 Hypercar League Collection-21 Pagani Huayra Codalunga,Collectables,1:64,2999,2542,18,95030090,3749,20,25,In Stock,4WD,35 KM/H,Electric Brushed Motor,Rechargeable Li-ion Battery Pack (Included),2.4 GHz Multi-Channel Transmitter,11 × 6 × 5 cm,0.15 kg,8+ Years,N/A,N/A,0,"Premium 1:64 scale collectible car models crafted for enthusiasts and collectors. Designed with precision detailing, realistic proportions, and high-quality materials, these models capture the spirit of iconic automobiles. Perfect for display, gifting, or building a stunning collection.","Premium 1:64 scale collectible car models crafted for enthusiasts and collectors. Designed with precision detailing, realistic proportions, and high-quality materials, these models capture the spirit of iconic automobiles. Perfect for display, gifting, or building a stunning collection."
52,POS-H20,1:64 Hypercar League Collection-20 Bugatti Divo,Collectables,1:64,2999,2542,18,95030090,3749,20,25,In Stock,4WD,35 KM/H,Electric Brushed Motor,Rechargeable Li-ion Battery Pack (Included),2.4 GHz Multi-Channel Transmitter,11 × 6 × 5 cm,0.15 kg,8+ Years,N/A,N/A,0,"Premium 1:64 scale collectible car models crafted for enthusiasts and collectors. Designed with precision detailing, realistic proportions, and high-quality materials, these models capture the spirit of iconic automobiles. Perfect for display, gifting, or building a stunning collection.","Premium 1:64 scale collectible car models crafted for enthusiasts and collectors. Designed with precision detailing, realistic proportions, and high-quality materials, these models capture the spirit of iconic automobiles. Perfect for display, gifting, or building a stunning collection."
53,POS-H19,1:64 Hypercar League Collection-19 Bugatti Divo,Collectables,1:64,2999,2542,18,95030090,3749,20,25,In Stock,4WD,35 KM/H,Electric Brushed Motor,Rechargeable Li-ion Battery Pack (Included),2.4 GHz Multi-Channel Transmitter,11 × 6 × 5 cm,0.15 kg,8+ Years,N/A,N/A,0,"Premium 1:64 scale collectible car models crafted for enthusiasts and collectors. Designed with precision detailing, realistic proportions, and high-quality materials, these models capture the spirit of iconic automobiles. Perfect for display, gifting, or building a stunning collection.","Premium 1:64 scale collectible car models crafted for enthusiasts and collectors. Designed with precision detailing, realistic proportions, and high-quality materials, these models capture the spirit of iconic automobiles. Perfect for display, gifting, or building a stunning collection."
54,POS-H18,1:64 Hypercar League Collection-18 Porsche 918 Spyder,Collectables,1:64,2999,2542,18,95030090,3749,20,25,In Stock,4WD,35 KM/H,Electric Brushed Motor,Rechargeable Li-ion Battery Pack (Included),2.4 GHz Multi-Channel Transmitter,11 × 6 × 5 cm,0.15 kg,8+ Years,N/A,N/A,0,"Premium 1:64 scale collectible car models crafted for enthusiasts and collectors. Designed with precision detailing, realistic proportions, and high-quality materials, these models capture the spirit of iconic automobiles. Perfect for display, gifting, or building a stunning collection.","Premium 1:64 scale collectible car models crafted for enthusiasts and collectors. Designed with precision detailing, realistic proportions, and high-quality materials, these models capture the spirit of iconic automobiles. Perfect for display, gifting, or building a stunning collection."
55,POS-H17,1:64 Hypercar League Collection-17 Porsche 918 Spyder,Collectables,1:64,2999,2542,18,95030090,3749,20,25,In Stock,4WD,35 KM/H,Electric Brushed Motor,Rechargeable Li-ion Battery Pack (Included),2.4 GHz Multi-Channel Transmitter,11 × 6 × 5 cm,0.15 kg,8+ Years,N/A,N/A,0,"Premium 1:64 scale collectible car models crafted for enthusiasts and collectors. Designed with precision detailing, realistic proportions, and high-quality materials, these models capture the spirit of iconic automobiles. Perfect for display, gifting, or building a stunning collection.","Premium 1:64 scale collectible car models crafted for enthusiasts and collectors. Designed with precision detailing, realistic proportions, and high-quality materials, these models capture the spirit of iconic automobiles. Perfect for display, gifting, or building a stunning collection."
56,POS-H16,1:64 Hypercar League Collection-16 Lamborghini Countach LPI 800-4,Collectables,1:64,2999,2542,18,95030090,3749,20,25,In Stock,4WD,35 KM/H,Electric Brushed Motor,Rechargeable Li-ion Battery Pack (Included),2.4 GHz Multi-Channel Transmitter,11 × 6 × 5 cm,0.15 kg,8+ Years,N/A,N/A,0,"Premium 1:64 scale collectible car models crafted for enthusiasts and collectors. Designed with precision detailing, realistic proportions, and high-quality materials, these models capture the spirit of iconic automobiles. Perfect for display, gifting, or building a stunning collection.","Premium 1:64 scale collectible car models crafted for enthusiasts and collectors. Designed with precision detailing, realistic proportions, and high-quality materials, these models capture the spirit of iconic automobiles. Perfect for display, gifting, or building a stunning collection."
57,POS-H15,1:64 Hypercar League Collection-15 Lamborghini Countach LPI 800-4,Collectables,1:64,2999,2542,18,95030090,3749,20,25,In Stock,4WD,35 KM/H,Electric Brushed Motor,Rechargeable Li-ion Battery Pack (Included),2.4 GHz Multi-Channel Transmitter,11 × 6 × 5 cm,0.15 kg,8+ Years,N/A,N/A,0,"Premium 1:64 scale collectible car models crafted for enthusiasts and collectors. Designed with precision detailing, realistic proportions, and high-quality materials, these models capture the spirit of iconic automobiles. Perfect for display, gifting, or building a stunning collection.","Premium 1:64 scale collectible car models crafted for enthusiasts and collectors. Designed with precision detailing, realistic proportions, and high-quality materials, these models capture the spirit of iconic automobiles. Perfect for display, gifting, or building a stunning collection."
58,POS-H14,1:64 Hypercar League Collection-14 McLaren Speedtail,Collectables,1:64,2999,2542,18,95030090,3749,20,25,In Stock,4WD,35 KM/H,Electric Brushed Motor,Rechargeable Li-ion Battery Pack (Included),2.4 GHz Multi-Channel Transmitter,11 × 6 × 5 cm,0.15 kg,8+ Years,N/A,N/A,0,"Premium 1/64 scale collectible car models crafted for enthusiasts and collectors. Designed with precision detailing, realistic proportions, and high-quality materials, these models capture the spirit of iconic automobiles. Perfect for display, gifting, or building a stunning collection.","Premium 1/64 scale collectible car models crafted for enthusiasts and collectors. Designed with precision detailing, realistic proportions, and high-quality materials, these models capture the spirit of iconic automobiles. Perfect for display, gifting, or building a stunning collection."
59,POS-H13,1:64 Hypercar League Collection-13 McLaren Speedtail,Collectables,1:64,2999,2542,18,95030090,3749,20,25,In Stock,4WD,35 KM/H,Electric Brushed Motor,Rechargeable Li-ion Battery Pack (Included),2.4 GHz Multi-Channel Transmitter,11 × 6 × 5 cm,0.15 kg,8+ Years,N/A,N/A,0,"Premium 1/64 scale collectible car models crafted for enthusiasts and collectors. Designed with precision detailing, realistic proportions, and high-quality materials, these models capture the spirit of iconic automobiles. Perfect for display, gifting, or building a stunning collection.","Premium 1/64 scale collectible car models crafted for enthusiasts and collectors. Designed with precision detailing, realistic proportions, and high-quality materials, these models capture the spirit of iconic automobiles. Perfect for display, gifting, or building a stunning collection."
60,POS-H12,1:64 Hypercar League Collection-12 Aston Martin Valkyrie,Collectables,1:64,2999,2542,18,95030090,3749,20,25,In Stock,4WD,35 KM/H,Electric Brushed Motor,Rechargeable Li-ion Battery Pack (Included),2.4 GHz Multi-Channel Transmitter,11 × 6 × 5 cm,0.15 kg,8+ Years,N/A,N/A,0,"Premium 1/64 scale collectible car models crafted for enthusiasts and collectors. Designed with precision detailing, realistic proportions, and high-quality materials, these models capture the spirit of iconic automobiles. Perfect for display, gifting, or building a stunning collection.","Premium 1/64 scale collectible car models crafted for enthusiasts and collectors. Designed with precision detailing, realistic proportions, and high-quality materials, these models capture the spirit of iconic automobiles. Perfect for display, gifting, or building a stunning collection."
61,POS-H11,1:64 Hypercar League Collection-11 Aston Martin Valkyrie,Collectables,1:64,2999,2542,18,95030090,3749,20,25,In Stock,4WD,35 KM/H,Electric Brushed Motor,Rechargeable Li-ion Battery Pack (Included),2.4 GHz Multi-Channel Transmitter,11 × 6 × 5 cm,0.15 kg,8+ Years,N/A,N/A,0,"Premium 1/64 scale collectible car models crafted for enthusiasts and collectors. Designed with precision detailing, realistic proportions, and high-quality materials, these models capture the spirit of iconic automobiles. Perfect for display, gifting, or building a stunning collection.","Premium 1/64 scale collectible car models crafted for enthusiasts and collectors. Designed with precision detailing, realistic proportions, and high-quality materials, these models capture the spirit of iconic automobiles. Perfect for display, gifting, or building a stunning collection."
62,POS-H04,1:64 Hypercar League Collection-04 McLaren P1,Collectables,1:64,2999,2542,18,95030090,3749,20,25,In Stock,4WD,35 KM/H,Electric Brushed Motor,Rechargeable Li-ion Battery Pack (Included),2.4 GHz Multi-Channel Transmitter,11 × 6 × 5 cm,0.15 kg,8+ Years,N/A,N/A,0,"Premium 1/64 scale collectible car models crafted for enthusiasts and collectors. Designed with precision detailing, realistic proportions, and high-quality materials, these models capture the spirit of iconic automobiles. Perfect for display, gifting, or building a stunning collection.","Premium 1/64 scale collectible car models crafted for enthusiasts and collectors. Designed with precision detailing, realistic proportions, and high-quality materials, these models capture the spirit of iconic automobiles. Perfect for display, gifting, or building a stunning collection."
63,POS-H03,1:64 Hypercar League Collection-03 McLaren P1,Collectables,1:64,2999,2542,18,95030090,3749,20,25,In Stock,4WD,35 KM/H,Electric Brushed Motor,Rechargeable Li-ion Battery Pack (Included),2.4 GHz Multi-Channel Transmitter,11 × 6 × 5 cm,0.15 kg,8+ Years,N/A,N/A,0,"Premium 1/64 scale collectible car models crafted for enthusiasts and collectors. Designed with precision detailing, realistic proportions, and high-quality materials, these models capture the spirit of iconic automobiles. Perfect for display, gifting, or building a stunning collection.","Premium 1/64 scale collectible car models crafted for enthusiasts and collectors. Designed with precision detailing, realistic proportions, and high-quality materials, these models capture the spirit of iconic automobiles. Perfect for display, gifting, or building a stunning collection."
64,POS-H02,1:64 Hypercar League Collection-02 Pagani Zonda F (Rosso Dubai ),Collectables,1:64,2999,2542,18,95030090,3749,20,25,In Stock,4WD,35 KM/H,Electric Brushed Motor,Rechargeable Li-ion Battery Pack (Included),2.4 GHz Multi-Channel Transmitter,11 × 6 × 5 cm,0.15 kg,8+ Years,N/A,N/A,0,"Premium 1/64 scale collectible car models crafted for enthusiasts and collectors. Designed with precision detailing, realistic proportions, and high-quality materials, these models capture the spirit of iconic automobiles. Perfect for display, gifting, or building a stunning collection.","Premium 1/64 scale collectible car models crafted for enthusiasts and collectors. Designed with precision detailing, realistic proportions, and high-quality materials, these models capture the spirit of iconic automobiles. Perfect for display, gifting, or building a stunning collection."
65,POS-H01,1:64 Hypercar League Collection-01 Pagani Zonda F,Collectables,1:64,2999,2542,18,95030090,3749,20,25,In Stock,4WD,35 KM/H,Electric Brushed Motor,Rechargeable Li-ion Battery Pack (Included),2.4 GHz Multi-Channel Transmitter,11 × 6 × 5 cm,0.15 kg,8+ Years,N/A,N/A,0,"Premium 1/64 scale collectible car models crafted for enthusiasts and collectors. Designed with precision detailing, realistic proportions, and high-quality materials, these models capture the spirit of iconic automobiles. Perfect for display, gifting, or building a stunning collection.","Premium 1/64 scale collectible car models crafted for enthusiasts and collectors. Designed with precision detailing, realistic proportions, and high-quality materials, these models capture the spirit of iconic automobiles. Perfect for display, gifting, or building a stunning collection."
66,MJXH8P,1:8 Scale MJX H8P Hyper Go Professional 2.4G Off Road 4WD RC Brushless Climbing Crawler Truck Ford Bronco Baja 1000 R Official Licensed,Off Road Crawlers,1:8,96468,81753,18,95030090,120585,20,25,In Stock,4WD,35 KM/H,Brushless Motor,Rechargeable Li-ion Battery Pack (Included),2.4 GHz Multi-Channel Transmitter,86 × 39 × 43 cm,10 kg,8+ Years,N/A,N/A,0,"High-performance MJX H8P RC Car built for speed and durability. Designed with a strong off-road chassis and powerful motor for smooth control on rough terrain. The responsive remote system ensures precise steering, making it perfect for racing, drifting, and outdoor adventures for hobby-grade RC enthusiasts. 🚗⚡","High-performance MJX H8P RC Car built for speed and durability. Designed with a strong off-road chassis and powerful motor for smooth control on rough terrain. The responsive remote system ensures precise steering, making it perfect for racing, drifting, and outdoor adventures for hobby-grade RC enthusiasts. 🚗⚡"
67,MJX12212,1:12 Hyper Go 4WD Brushless RC Car Off-Road Truck 58KM/H High Speed Vehicle Full Metal 2.4G New Truck Model RTR,Off Road Crawlers,1:12,28737,24353,18,95030090,35921,20,25,In Stock,4WD,58KM/H,Brushless Motor,Rechargeable Li-ion Battery Pack (Included),2.4 GHz Multi-Channel Transmitter,48 × 36 × 28 cm,5 kg,8+ Years,N/A,N/A,0,"Powerful 1:12 Hyper Go 4WD Brushless RC Off-Road Truck with 58KM/H high-speed performance and 2.4GHz remote control system. Built with full metal components and strong off-road suspension for racing, climbing, and rough terrain driving. Perfect RTR hobby-grade RC truck for high-speed adventure. 🚗","Powerful 1:12 Hyper Go 4WD Brushless RC Off-Road Truck with 58KM/H high-speed performance and 2.4GHz remote control system. Built with full metal components and strong off-road suspension for racing, climbing, and rough terrain driving. Perfect RTR hobby-grade RC truck for high-speed adventure. 🚗"
68,MJX14304,1:14 Hyper Go 4WD 45-55KM/H High Speed Car Brushless Volkswagen Polo R  Official Licensed WRC Independent ESC Simulation Model RTR,Off Road Crawlers,1:14,24875,21081,18,95030090,31094,20,25,In Stock,4WD,55KM/H,Brushless Motor,Rechargeable Li-ion Battery Pack (Included),2.4 GHz Multi-Channel Transmitter,38 × 23 × 20 cm,3.5 kg,8+ Years,N/A,N/A,0,"The MJX 14304 RC Car is a high-performance 1:14 scale 4WD off-road vehicle designed for speed and durability. Equipped with a powerful motor, responsive 2.4GHz remote control, and strong suspension, it delivers smooth control on rough terrains. Ideal for RC enthusiasts who enjoy fast, thrilling off-road racing. 🚗💨","The MJX 14304 RC Car is a high-performance 1:14 scale 4WD off-road vehicle designed for speed and durability. Equipped with a powerful motor, responsive 2.4GHz remote control, and strong suspension, it delivers smooth control on rough terrains. Ideal for RC enthusiasts who enjoy fast, thrilling off-road racing. 🚗💨"
69,MJXH12P,1:12 Scale MJX H12P Hyper Go Professional 2.4G Off Road 4WD RC Brushless Climbing Crawler Truck Ford Bronco Baja 1000 R Official Licensed,Off Road Crawlers,1:12,28737,24353,18,95030090,35921,20,25,In Stock,4WD,35 KM/H,Brushless Motor,Rechargeable Li-ion Battery Pack (Included),2.4 GHz Multi-Channel Transmitter,51 × 29 × 28 cm,9 kg,8+ Years,N/A,N/A,0,"Professional 1:12 Scale MJX H12P Hyper Go 4WD Brushless RC Crawler Truck with 2.4GHz remote control system and powerful off-road performance. Official Ford Bronco Baja 1000 R licensed model, built for high-speed driving, climbing, and extreme off-road adventures. 🚗","Professional 1:12 Scale MJX H12P Hyper Go 4WD Brushless RC Crawler Truck with 2.4GHz remote control system and powerful off-road performance. Official Ford Bronco Baja 1000 R licensed model, built for high-speed driving, climbing, and extreme off-road adventures. 🚗"
70,MJX14211,1:14 Hyper Go 2.4G Off Road 4WD Brushless Hydraulic Shock Absorber Metal Alloy Chassis Remote Control Brushless Rc Car Desert Model RTR,Racing Cars,1:14,22837,19353,18,95030090,28546,20,25,In Stock,4WD,35 KM/H,Brushless Motor,Rechargeable Li-ion Battery Pack (Included),2.4 GHz Multi-Channel Transmitter,42 × 24 × 24 cm,3.5 kg,8+ Years,N/A,N/A,0,"The MJX 14211 RC Car is a high-performance 1:14 scale 4WD off-road vehicle built for speed, control, and durability. It features a powerful motor, strong suspension system, and 2.4GHz remote control for stable driving. Perfect for RC enthusiasts who enjoy high-speed racing and exciting off-road adventures. 🚗💨","The MJX 14211 RC Car is a high-performance 1:14 scale 4WD off-road vehicle built for speed, control, and durability. It features a powerful motor, strong suspension system, and 2.4GHz remote control for stable driving. Perfect for RC enthusiasts who enjoy high-speed racing and exciting off-road adventures. 🚗💨"
71,MJX7303,1:7 Hyper Go Professinal 4WD RC Rally Car 60KM/H Brushless WRC Citroen C3 Remote Control Drift Car 2.4Ghz 4X4 RTR,Racing Cars,1:7,69999,59321,18,95030090,87499,20,25,In Stock,4WD,60KM/H,Brushless Motor,Rechargeable Li-ion Battery Pack (Included),2.4 GHz Multi-Channel Transmitter,46 × 32 × 20 cm,8.9 kg,8+ Years,https://www.youtube.com/watch?v=dQw4w9WgXcQ,N/A,0,"The MJX 7303 RC Car is a durable off-road remote control vehicle designed for smooth handling and exciting racing. Built with a strong body and responsive 2.4GHz control system, it delivers stable performance on different terrains. Ideal for hobbyists who enjoy speed, control, and outdoor RC adventures. 🚗💨","The MJX 7303 RC Car is a durable off-road remote control vehicle designed for smooth handling and exciting racing. Built with a strong body and responsive 2.4GHz control system, it delivers stable performance on different terrains. Ideal for hobbyists who enjoy speed, control, and outdoor RC adventures. 🚗💨"
72,MJX14303,1:14 Hyper Go Drift RC Car  Brushless 4x4 Professinal Racing 55 K:H High Speed Rally Cars for Boys,Racing Cars,1:14,23123,19596,18,95030090,28904,20,25,In Stock,4WD,35 KM/H,Brushless Motor,Rechargeable Li-ion Battery Pack (Included),2.4 GHz Multi-Channel Transmitter,38 × 23 × 19 cm,2.4 kg,8+ Years,N/A,N/A,0,"The MJX 14303 RC Car is a powerful 1:14 scale 4WD off-road racing vehicle built for speed and durability. With a strong motor, durable suspension, and 2.4GHz remote control, it delivers smooth handling on rough terrains. Ideal for RC enthusiasts who enjoy fast racing and off-road adventures. 🚗💨","The MJX 14303 RC Car is a powerful 1:14 scale 4WD off-road racing vehicle built for speed and durability. With a strong motor, durable suspension, and 2.4GHz remote control, it delivers smooth handling on rough terrains. Ideal for RC enthusiasts who enjoy fast racing and off-road adventures. 🚗💨"
73,MJXH12Y-S,1:12 Hyper Go 4WD New Rc Car Brushless Motor Metal Accessories Climbing Off-road Monster Truck App Controlled 45A ESC,Off Road Crawlers,1:12,29373,24892,18,95030090,36716,20,25,In Stock,4WD,35 KM/H,Brushless Motor,Rechargeable Li-ion Battery Pack (Included),2.4 GHz Multi-Channel Transmitter,45 × 29 × 24 cm,7 kg,8+ Years,N/A,N/A,0,"Powerful 1:12 Hyper Go 4WD Brushless RC Monster Truck with 45A ESC and app control system for smooth and responsive driving. Built with metal accessories and strong off-road suspension, perfect for climbing, racing, and extreme off-road adventures. 🚗","Powerful 1:12 Hyper Go 4WD Brushless RC Monster Truck with 45A ESC and app control system for smooth and responsive driving. Built with metal accessories and strong off-road suspension, perfect for climbing, racing, and extreme off-road adventures. 🚗"
74,SGJXC5813A-PB,1:24 Scale Delica Official Licensed RWD Mini Radio Control RC Drift Car 2.4GHz Proportional Multipurpose Entertainment,Racing Cars,1:24,6873,5825,18,95030090,8591,20,25,In Stock,RWD,35 KM/H,Electric Brushed Motor,Rechargeable Li-ion Battery Pack (Included),2.4 GHz Multi-Channel Transmitter,35 × 21 × 20 cm,2 kg,8+ Years,N/A,N/A,0,"The SGJXC5813A-PB RC Car is a 1:24 scale mini remote control vehicle designed for smooth and realistic driving. It features 2.4GHz full-proportional control, LED headlights, and a durable build for stable performance. With responsive steering and up to 50 m control range, it’s perfect for indoor and outdoor RC fun. 🚗","The SGJXC5813A-PB RC Car is a 1:24 scale mini remote control vehicle designed for smooth and realistic driving. It features 2.4GHz full-proportional control, LED headlights, and a durable build for stable performance. With responsive steering and up to 50 m control range, it’s perfect for indoor and outdoor RC fun. 🚗"
75,SGJXC5826-PB,1:12 Scale 4Runner Land Cruiser LC80 Official Licensed Off Road RC Crawler Truck With 2.4G Proportional Remote Control Led Light,Off Road Crawlers,1:12,14373,12181,18,95030090,17966,20,25,In Stock,4WD,35 KM/H,Electric Brushed Motor,Rechargeable Li-ion Battery Pack (Included),2.4 GHz Multi-Channel Transmitter,64 × 30 × 32 cm,5 kg,8+ Years,N/A,N/A,0,"Official Licensed 1:12 Scale Land Cruiser LC80 4Runner RC Crawler Truck with 2.4GHz proportional remote control and LED lights. Built for realistic off-road driving, climbing, and rough terrain performance, perfect for adventure and hobby-grade RC fun. 🚗","Official Licensed 1:12 Scale Land Cruiser LC80 4Runner RC Crawler Truck with 2.4GHz proportional remote control and LED lights. Built for realistic off-road driving, climbing, and rough terrain performance, perfect for adventure and hobby-grade RC fun. 🚗"
76,SGSCY16307-B,1:16 Brushless RC Drift Car 60KM/H High Speed Remote Control RC Cars 2.4G 4WD RC Car,Drift Cars,1:16,15623,13240,18,95030090,19529,20,25,In Stock,4WD,60KM/H,Brushless Motor,Rechargeable Li-ion Battery Pack (Included),2.4 GHz Multi-Channel Transmitter,41 × 18 × 30 cm,1.9 kg,8+ Years,N/A,N/A,0,"The SGSCY16307-B RC Car is a durable 1:16 scale 4WD off-road vehicle designed for speed and stability. With a powerful motor, strong suspension, and 2.4GHz remote control, it delivers smooth performance on different terrains. Perfect for RC enthusiasts who enjoy exciting off-road racing and high-speed action. 🚗💨","The SGSCY16307-B RC Car is a durable 1:16 scale 4WD off-road vehicle designed for speed and stability. With a powerful motor, strong suspension, and 2.4GHz remote control, it delivers smooth performance on different terrains. Perfect for RC enthusiasts who enjoy exciting off-road racing and high-speed action. 🚗💨"
77,SGHG451-HY,1:18 2.4G 4WD RC Car Command Vehicle LED Light Simulated Sound Smoke Crawler Off-Road Climbing Truck RTR Full,Racing Cars,1:18,13073,11079,18,95030090,16341,20,25,In Stock,4WD,35 KM/H,Electric Brushed Motor,Rechargeable Li-ion Battery Pack (Included),2.4 GHz Multi-Channel Transmitter,32 × 19 × 19 cm,1.5 kg,8+ Years,N/A,N/A,0,"The SGHG451-HY RC Car offers exciting speed and smooth remote-control performance. With a reliable 2.4GHz control system, it provides stable handling and responsive driving. Its durable body and rugged tires make it ideal for racing, drifting, and fun outdoor RC adventures.","The SGHG451-HY RC Car offers exciting speed and smooth remote-control performance. With a reliable 2.4GHz control system, it provides stable handling and responsive driving. Its durable body and rugged tires make it ideal for racing, drifting, and fun outdoor RC adventures."
78,SGHG453-G,1:16 RC Off-Road Car 4WD Jimny 2.4G Electric Remote Control SUV Model with Light Rock Crawler Cars for Boys,Racing Cars,1:16,12123,10274,18,95030090,15154,20,25,In Stock,4WD,35 KM/H,Electric Brushed Motor,Rechargeable Li-ion Battery Pack (Included),2.4 GHz Multi-Channel Transmitter,54 × 49 × 61 cm,1.5 kg,8+ Years,N/A,N/A,0,"The SGHG453-G RC Car is a durable 1:16 scale 4WD off-road vehicle built for speed and control. Featuring a powerful motor, strong suspension, and 2.4GHz remote control, it ensures smooth performance on different terrains. Perfect for RC enthusiasts who enjoy fast driving and exciting off-road adventures. 🚗💨","The SGHG453-G RC Car is a durable 1:16 scale 4WD off-road vehicle built for speed and control. Featuring a powerful motor, strong suspension, and 2.4GHz remote control, it ensures smooth performance on different terrains. Perfect for RC enthusiasts who enjoy fast driving and exciting off-road adventures. 🚗💨"
79,SGR1601-Y,1:16 Scale Remote Control Off Road Racing Car with Cruise Control High Speed Climbing RC Crawler,Off Road Crawlers,1:16,6248,5295,18,95030090,7810,20,25,In Stock,4WD,35 KM/H,Electric Brushed Motor,Rechargeable Li-ion Battery Pack (Included),2.4 GHz Multi-Channel Transmitter,29 × 25 × 19 cm,1.4 kg,8+ Years,N/A,N/A,0,"The SGR1601-Y RC Car is a high-performance remote control vehicle built for speed, durability, and smooth handling. With a responsive 2.4GHz control system and strong off-road tires, it performs well on different terrains. Its sturdy design and stable drive make it ideal for racing, drifting, and outdoor RC fun.","The SGR1601-Y RC Car is a high-performance remote control vehicle built for speed, durability, and smooth handling. With a responsive 2.4GHz control system and strong off-road tires, it performs well on different terrains. Its sturdy design and stable drive make it ideal for racing, drifting, and outdoor RC fun."
80,SGRD1201-R,1:12 Scale High-Speed Four-Wheel Drive RC Car 2.4ghz Remote Control Toys Model RC Car,Racing Cars,1:12,15573,13197,18,95030090,19466,20,25,In Stock,4WD,35 KM/H,Electric Brushed Motor,Rechargeable Li-ion Battery Pack (Included),2.4 GHz Multi-Channel Transmitter,44 × 27 × 26 cm,3.5 kg,8+ Years,N/A,N/A,0,"High-performance 1:12 Scale 4WD RC Car with 2.4GHz remote control system for smooth and stable driving. Designed for high-speed racing, off-road performance, and exciting RC adventures, perfect for hobby-grade fun. 🚗","High-performance 1:12 Scale 4WD RC Car with 2.4GHz remote control system for smooth and stable driving. Designed for high-speed racing, off-road performance, and exciting RC adventures, perfect for hobby-grade fun. 🚗"
81,HA6601B,1:64 Scale 2.4G Portable Mini RC 4CH Metal Mini Alloy Mini RC Remote Control Rc Drift Car,Racing Cars,1:64,2499,2118,18,95030090,3124,20,25,In Stock,4WD,35 KM/H,Electric Brushed Motor,Rechargeable Li-ion Battery Pack (Included),2.4 GHz Multi-Channel Transmitter,12 × 6 × 12 cm,0.18 kg,8+ Years,N/A,N/A,0,"Enjoy thrilling drifting with this 1:64 Scale 2.4G Portable Mini RC Drift Car featuring a durable metal alloy Mini RC body and 4-channel control for smooth handling. Its compact design makes it perfect for desk racing and indoor play, delivering realistic drift action, stable control, and fun driving for collectors and RC enthusiasts","Enjoy thrilling drifting with this 1:64 Scale 2.4G Portable Mini RC Drift Car featuring a durable metal alloy Mini RC body and 4-channel control for smooth handling. Its compact design makes it perfect for desk racing and indoor play, delivering realistic drift action, stable control, and fun driving for collectors and RC enthusiasts"
82,HC18801C,1:64 Scale 2.4G Portable Mini RC 4CH Metal Mini Alloy Mini RC Remote Control Rc Drift Car,Racing Cars,1:64,2499,2118,18,95030090,3124,20,25,In Stock,4WD,35 KM/H,Electric Brushed Motor,Rechargeable Li-ion Battery Pack (Included),2.4 GHz Multi-Channel Transmitter,12 × 6 × 12 cm,0.19 kg,8+ Years,N/A,N/A,0,"Enjoy thrilling drifting with this 1:64 Scale 2.4G Portable Mini RC Drift Car featuring a durable metal alloy Mini RC body and 4-channel control for smooth handling. Its compact design makes it perfect for desk racing and indoor play, delivering realistic drift action, stable control, and fun driving for collectors and RC enthusiasts","Enjoy thrilling drifting with this 1:64 Scale 2.4G Portable Mini RC Drift Car featuring a durable metal alloy Mini RC body and 4-channel control for smooth handling. Its compact design makes it perfect for desk racing and indoor play, delivering realistic drift action, stable control, and fun driving for collectors and RC enthusiasts"
83,HC18801B,1:64 Scale 2.4G Portable Mini RC 4CH Metal Mini Alloy Mini RC Remote Control Rc Drift Car,Racing Cars,1:64,2499,2118,18,95030090,3124,20,25,In Stock,4WD,35 KM/H,Electric Brushed Motor,Rechargeable Li-ion Battery Pack (Included),2.4 GHz Multi-Channel Transmitter,12 × 6 × 12 cm,0.19 kg,8+ Years,N/A,N/A,0,"Enjoy thrilling drifting with this 1:64 Scale 2.4G Portable Mini RC Drift Car featuring a durable metal alloy Mini RC body and 4-channel control for smooth handling. Its compact design makes it perfect for desk racing and indoor play, delivering realistic drift action, stable control, and fun driving for collectors and RC enthusiasts","Enjoy thrilling drifting with this 1:64 Scale 2.4G Portable Mini RC Drift Car featuring a durable metal alloy Mini RC body and 4-channel control for smooth handling. Its compact design makes it perfect for desk racing and indoor play, delivering realistic drift action, stable control, and fun driving for collectors and RC enthusiasts"
84,HC18801A,1:64 Scale 2.4G Portable Mini RC 4CH Metal Mini Alloy Mini RC Remote Control Rc Drift Car,Racing Cars,1:64,2499,2118,18,95030090,3124,20,25,In Stock,4WD,35 KM/H,Electric Brushed Motor,Rechargeable Li-ion Battery Pack (Included),2.4 GHz Multi-Channel Transmitter,12 × 6 × 12 cm,0.19 kg,8+ Years,N/A,N/A,0,"Enjoy thrilling drifting with this 1:64 Scale 2.4G Portable Mini RC Drift Car featuring a durable metal alloy Mini RC body and 4-channel control for smooth handling. Its compact design makes it perfect for desk racing and indoor play, delivering realistic drift action, stable control, and fun driving for collectors and RC enthusiasts","Enjoy thrilling drifting with this 1:64 Scale 2.4G Portable Mini RC Drift Car featuring a durable metal alloy Mini RC body and 4-channel control for smooth handling. Its compact design makes it perfect for desk racing and indoor play, delivering realistic drift action, stable control, and fun driving for collectors and RC enthusiasts"
85,HC15501A,1:64 Scale 2.4G Portable Mini RC 4CH Metal Mini Alloy Mini RC Remote Control Rc Drift Car,Racing Cars,1:64,2499,2118,18,95030090,3124,20,25,In Stock,4WD,35 KM/H,Electric Brushed Motor,Rechargeable Li-ion Battery Pack (Included),2.4 GHz Multi-Channel Transmitter,12 × 6 × 12 cm,0.19 kg,8+ Years,N/A,N/A,0,"Enjoy thrilling drifting with this 1:64 Scale 2.4G Portable Mini RC Drift Car featuring a durable metal alloy Mini RC body and 4-channel control for smooth handling. Its compact design makes it perfect for desk racing and indoor play, delivering realistic drift action, stable control, and fun driving for collectors and RC enthusiasts","Enjoy thrilling drifting with this 1:64 Scale 2.4G Portable Mini RC Drift Car featuring a durable metal alloy Mini RC body and 4-channel control for smooth handling. Its compact design makes it perfect for desk racing and indoor play, delivering realistic drift action, stable control, and fun driving for collectors and RC enthusiasts"
86,HC16601A,1:64 Scale 2.4G Portable Mini RC 4CH Metal Mini Alloy Mini RC Remote Control Rc Drift Car,Racing Cars,1:64,2499,2118,18,95030090,3124,20,25,In Stock,4WD,35 KM/H,Electric Brushed Motor,Rechargeable Li-ion Battery Pack (Included),2.4 GHz Multi-Channel Transmitter,12 × 6 × 12 cm,0.19 kg,8+ Years,N/A,N/A,0,"Enjoy thrilling drifting with this 1:64 Scale 2.4G Portable Mini RC Drift Car featuring a durable metal alloy Mini RC body and 4-channel control for smooth handling. Its compact design makes it perfect for desk racing and indoor play, delivering realistic drift action, stable control, and fun driving for collectors and RC enthusiasts","Enjoy thrilling drifting with this 1:64 Scale 2.4G Portable Mini RC Drift Car featuring a durable metal alloy Mini RC body and 4-channel control for smooth handling. Its compact design makes it perfect for desk racing and indoor play, delivering realistic drift action, stable control, and fun driving for collectors and RC enthusiasts"
87,HC15501C,1:64 Scale 2.4G Portable Mini RC 4CH Metal Mini Alloy Mini RC Remote Control Rc Drift Car,Racing Cars,1:64,2499,2118,18,95030090,3124,20,25,In Stock,4WD,35 KM/H,Electric Brushed Motor,Rechargeable Li-ion Battery Pack (Included),2.4 GHz Multi-Channel Transmitter,12 × 6 × 12 cm,0.19 kg,8+ Years,N/A,N/A,0,"Enjoy thrilling drifting with this 1:64 Scale 2.4G Portable Mini RC Drift Car featuring a durable metal alloy Mini RC body and 4-channel control for smooth handling. Its compact design makes it perfect for desk racing and indoor play, delivering realistic drift action, stable control, and fun driving for collectors and RC enthusiasts","Enjoy thrilling drifting with this 1:64 Scale 2.4G Portable Mini RC Drift Car featuring a durable metal alloy Mini RC body and 4-channel control for smooth handling. Its compact design makes it perfect for desk racing and indoor play, delivering realistic drift action, stable control, and fun driving for collectors and RC enthusiasts"
88,HA5501A,1:64 Scale 2.4G Portable Mini RC 4CH Metal Mini Alloy Mini RC Remote Control Rc Drift Car,Racing Cars,1:64,2499,2118,18,95030090,3124,20,25,In Stock,4WD,35 KM/H,Electric Brushed Motor,Rechargeable Li-ion Battery Pack (Included),2.4 GHz Multi-Channel Transmitter,12 × 6 × 12 cm,0.18 kg,8+ Years,N/A,N/A,0,"Enjoy thrilling drifting with this 1:64 Scale 2.4G Portable Mini RC Drift Car featuring a durable metal alloy Mini RC body and 4-channel control for smooth handling. Its compact design makes it perfect for desk racing and indoor play, delivering realistic drift action, stable control, and fun driving for collectors and RC enthusiasts","Enjoy thrilling drifting with this 1:64 Scale 2.4G Portable Mini RC Drift Car featuring a durable metal alloy Mini RC body and 4-channel control for smooth handling. Its compact design makes it perfect for desk racing and indoor play, delivering realistic drift action, stable control, and fun driving for collectors and RC enthusiasts"
89,HA6601A,1:64 Scale 2.4G Portable Mini RC 4CH Metal Mini Alloy Mini RC Remote Control Rc Drift Car,Racing Cars,1:64,2499,2118,18,95030090,3124,20,25,In Stock,4WD,35 KM/H,Electric Brushed Motor,Rechargeable Li-ion Battery Pack (Included),2.4 GHz Multi-Channel Transmitter,12 × 6 × 12 cm,0.18 kg,8+ Years,N/A,N/A,0,"Enjoy thrilling drifting with this 1:64 Scale 2.4G Portable Mini RC Drift Car featuring a durable metal alloy Mini RC body and 4-channel control for smooth handling. Its compact design makes it perfect for desk racing and indoor play, delivering realistic drift action, stable control, and fun driving for collectors and RC enthusiasts","Enjoy thrilling drifting with this 1:64 Scale 2.4G Portable Mini RC Drift Car featuring a durable metal alloy Mini RC body and 4-channel control for smooth handling. Its compact design makes it perfect for desk racing and indoor play, delivering realistic drift action, stable control, and fun driving for collectors and RC enthusiasts"
90,HA8801B,1:64 Scale 2.4G Portable Mini RC 4CH Metal Mini Alloy Mini RC Remote Control Rc Drift Car,Racing Cars,1:64,2499,2118,18,95030090,3124,20,25,In Stock,4WD,35 KM/H,Electric Brushed Motor,Rechargeable Li-ion Battery Pack (Included),2.4 GHz Multi-Channel Transmitter,12 × 6 × 12 cm,0.18 kg,8+ Years,N/A,N/A,0,"Enjoy thrilling drifting with this 1:64 Scale 2.4G Portable Mini RC Drift Car featuring a durable metal alloy Mini RC body and 4-channel control for smooth handling. Its compact design makes it perfect for desk racing and indoor play, delivering realistic drift action, stable control, and fun driving for collectors and RC enthusiasts","Enjoy thrilling drifting with this 1:64 Scale 2.4G Portable Mini RC Drift Car featuring a durable metal alloy Mini RC body and 4-channel control for smooth handling. Its compact design makes it perfect for desk racing and indoor play, delivering realistic drift action, stable control, and fun driving for collectors and RC enthusiasts"
91,HA8801A,1:64 Scale 2.4G Portable Mini RC 4CH Metal Mini Alloy Mini RC Remote Control Rc Drift Car,Racing Cars,1:64,2499,2118,18,95030090,3124,20,25,In Stock,4WD,35 KM/H,Electric Brushed Motor,Rechargeable Li-ion Battery Pack (Included),2.4 GHz Multi-Channel Transmitter,12 × 6 × 12 cm,0.18 kg,8+ Years,N/A,N/A,0,"Enjoy thrilling drifting with this 1:64 Scale 2.4G Portable Mini RC Drift Car featuring a durable metal alloy Mini RC body and 4-channel control for smooth handling. Its compact design makes it perfect for desk racing and indoor play, delivering realistic drift action, stable control, and fun driving for collectors and RC enthusiasts","Enjoy thrilling drifting with this 1:64 Scale 2.4G Portable Mini RC Drift Car featuring a durable metal alloy Mini RC body and 4-channel control for smooth handling. Its compact design makes it perfect for desk racing and indoor play, delivering realistic drift action, stable control, and fun driving for collectors and RC enthusiasts"
92,SG1803-B,1:18 Cherokee Simulation 4WD Climbing RC Car Remote Control Car Rc Crawler with External Carbon Brush 370 Motor,Off Road Crawlers,1:18,11873,10062,18,95030090,14841,20,25,In Stock,4WD,35 KM/H,Electric Brushed Motor,Rechargeable Li-ion Battery Pack (Included),2.4 GHz Multi-Channel Transmitter,32 × 19 × 21 cm,1.5 kg,8+ Years,N/A,N/A,0,"The SG1803-B RC Off-Road Car delivers powerful speed and smooth control for an exciting driving experience. Equipped with a reliable 2.4GHz remote system, it offers stable handling and quick response. Its durable body and strong off-road tires make it perfect for racing, drifting, and outdoor RC adventures.","The SG1803-B RC Off-Road Car delivers powerful speed and smooth control for an exciting driving experience. Equipped with a reliable 2.4GHz remote system, it offers stable handling and quick response. Its durable body and strong off-road tires make it perfect for racing, drifting, and outdoor RC adventures."
93,XLGM92334,1:6 Oversized Ducati Panigale V4 Spray Alloy Motorcycle Model Mini RC OEM Unisex Toy for Car Enthusiast Collection,Collectables,1:6,11873,10062,18,95030090,14841,20,25,In Stock,4WD,35 KM/H,Electric Brushed Motor,Rechargeable Li-ion Battery Pack (Included),2.4 GHz Multi-Channel Transmitter,25 × 15 × 12 cm,1.21 kg,8+ Years,N/A,N/A,0,"Premium 1:6 scale collectible car models crafted for enthusiasts and collectors. Designed with precision detailing, realistic proportions, and high-quality materials, these models capture the spirit of iconic automobiles. Perfect for display, gifting, or building a stunning collection.","Premium 1:6 scale collectible car models crafted for enthusiasts and collectors. Designed with precision detailing, realistic proportions, and high-quality materials, these models capture the spirit of iconic automobiles. Perfect for display, gifting, or building a stunning collection."
94,XLGM92325,1:6 High Quality Kawasaki H2 Motorcycle Alloy Model Smoke High Speed Exquisite Collection Display Gift,Collectables,1:6,9373,7943,18,95030090,11716,20,25,In Stock,4WD,35 KM/H,Electric Brushed Motor,Rechargeable Li-ion Battery Pack (Included),2.4 GHz Multi-Channel Transmitter,25 × 15 × 12 cm,1.21 kg,8+ Years,N/A,N/A,0,"Premium 1:6 scale collectible car models crafted for enthusiasts and collectors. Designed with precision detailing, realistic proportions, and high-quality materials, these models capture the spirit of iconic automobiles. Perfect for display, gifting, or building a stunning collection.","Premium 1:6 scale collectible car models crafted for enthusiasts and collectors. Designed with precision detailing, realistic proportions, and high-quality materials, these models capture the spirit of iconic automobiles. Perfect for display, gifting, or building a stunning collection."
95,BA8502C,1:18 Officially Licensed Batmobile Mini RC Alloy Model Disply Boys Gift Alloy Racing Car Toys,Collectables,1:18,8748,7414,18,95030090,10935,20,25,In Stock,4WD,35 KM/H,Electric Brushed Motor,Rechargeable Li-ion Battery Pack (Included),2.4 GHz Multi-Channel Transmitter,42 × 15 × 15 cm,1 kg,8+ Years,N/A,N/A,0,"Premium 1:18 scale collectible car models crafted for enthusiasts and collectors. Designed with precision detailing, realistic proportions, and high-quality materials, these models capture the spirit of iconic automobiles. Perfect for display, gifting, or building a stunning collection.","Premium 1:18 scale collectible car models crafted for enthusiasts and collectors. Designed with precision detailing, realistic proportions, and high-quality materials, these models capture the spirit of iconic automobiles. Perfect for display, gifting, or building a stunning collection."
96,C0211005,1:18 Officially Licensed Classic Movie Sports Car Alloy Mini RC Toy - Collectible Model Racing Car Display for Birthday Gifts,Collectables,1:18,8748,7414,18,95030090,10935,20,25,In Stock,4WD,35 KM/H,Electric Brushed Motor,Rechargeable Li-ion Battery Pack (Included),2.4 GHz Multi-Channel Transmitter,27 × 13 × 10 cm,0.5 kg,8+ Years,N/A,N/A,0,"Premium 1:18 scale collectible car models crafted for enthusiasts and collectors. Designed with precision detailing, realistic proportions, and high-quality materials, these models capture the spirit of iconic automobiles. Perfect for display, gifting, or building a stunning collection.","Premium 1:18 scale collectible car models crafted for enthusiasts and collectors. Designed with precision detailing, realistic proportions, and high-quality materials, these models capture the spirit of iconic automobiles. Perfect for display, gifting, or building a stunning collection."
97,C0211008,1:18 Officially Licensed Batmobile Tumbler Classic Sentiment Series Mini RC Metal Alloy Collectibles Model Car Holiday Gifts With Boyfriend,Collectables,1:18,8748,7414,18,95030090,10935,20,25,In Stock,4WD,35 KM/H,Electric Brushed Motor,Rechargeable Li-ion Battery Pack (Included),2.4 GHz Multi-Channel Transmitter,26 × 15 × 10 cm,0.5 kg,8+ Years,N/A,N/A,0,"Premium 1:18 scale collectible car models crafted for enthusiasts and collectors. Designed with precision detailing, realistic proportions, and high-quality materials, these models capture the spirit of iconic automobiles. Perfect for display, gifting, or building a stunning collection.","Premium 1:18 scale collectible car models crafted for enthusiasts and collectors. Designed with precision detailing, realistic proportions, and high-quality materials, these models capture the spirit of iconic automobiles. Perfect for display, gifting, or building a stunning collection."
98,SG1006,1:10 Scale Brushless Drift RC Car 4WD 70kmh LED Lights Remote Control Hoonitruck Hoonigan Mustang Truck Hobbywing Motor,Drift Cars,1:10,57498,48727,18,95030090,71873,20,25,In Stock,4WD,70KMH,Brushless Motor,Rechargeable Li-ion Battery Pack (Included),2.4 GHz Multi-Channel Transmitter,68 × 29 × 23 cm,4.5 kg,8+ Years,N/A,N/A,0,"Experience extreme drifting with this 1:10 Scale Brushless 4WD RC Drift Car, powered by a high-performance Hobbywing motor reaching speeds up to 70KM/H. Designed like the iconic Hoonitruck Mustang, it features bright LED lights, strong grip tires, and precision control, delivering powerful performance for hobby-grade RC enthusiasts. 🚗💨","Experience extreme drifting with this 1:10 Scale Brushless 4WD RC Drift Car, powered by a high-performance Hobbywing motor reaching speeds up to 70KM/H. Designed like the iconic Hoonitruck Mustang, it features bright LED lights, strong grip tires, and precision control, delivering powerful performance for hobby-grade RC enthusiasts. 🚗💨"
99,SG1004A,1:10 Professional Dodge 4CH Electric Two:Four-wheel Drive Car High-speed Racing Vehicle Car with Light ESP Gyro Drift Off-road Dual Modes,Racing Cars,1:10,57498,48727,18,95030090,71873,20,25,In Stock,2WD,35 KM/H,Electric Brushed Motor,Rechargeable Li-ion Battery Pack (Included),2.4 GHz Multi-Channel Transmitter,71 × 32 × 25 cm,4.5 kg,8+ Years,N/A,N/A,0,"Drive with power and precision using this 1:10 Professional Dodge RC Car featuring 2WD/4WD dual modes, ESP gyro stability, and LED lights. Designed for high-speed racing, drifting, and off-road action, it offers smooth control, strong performance, and an exciting driving experience for RC hobby enthusiasts. 🚗💨","Drive with power and precision using this 1:10 Professional Dodge RC Car featuring 2WD/4WD dual modes, ESP gyro stability, and LED lights. Designed for high-speed racing, drifting, and off-road action, it offers smooth control, strong performance, and an exciting driving experience for RC hobby enthusiasts. 🚗💨"
100,SG1004B,1:10 Professional Dodge 4CH Electric Two:Four-wheel Drive Car High-speed Racing Vehicle Car with Light ESP Gyro Drift Off-road Dual Modes,Drift Cars,1:10,57498,48727,18,95030090,71873,20,25,In Stock,2WD,35 KM/H,Electric Brushed Motor,Rechargeable Li-ion Battery Pack (Included),2.4 GHz Multi-Channel Transmitter,71 × 32 × 25 cm,4.5 kg,8+ Years,N/A,N/A,0,"Enjoy powerful performance with this 1:10 Professional Dodge RC Car featuring 2WD/4WD dual drive modes, ESP gyro stabilization, and LED lights. Built for high-speed racing, drifting, and off-road driving, it offers smooth control, strong traction, and an exciting hobby-grade RC experience. 🚗💨","Enjoy powerful performance with this 1:10 Professional Dodge RC Car featuring 2WD/4WD dual drive modes, ESP gyro stabilization, and LED lights. Built for high-speed racing, drifting, and off-road driving, it offers smooth control, strong traction, and an exciting hobby-grade RC experience. 🚗💨"
101,SG1001SE,1:10 Scale Desert Off-Road RC Car Brushless Motor Short Truck RWD & 4WD Switchable 60KM/H High Speed 120A ESC,Off Road Crawlers,1:10,57498,48727,18,95030090,71873,20,25,In Stock,RWD,60KM/H,Brushless Motor,Rechargeable Li-ion Battery Pack (Included),2.4 GHz Multi-Channel Transmitter,68 × 26 × 35 cm,3.8 kg,8+ Years,N/A,N/A,0,"1:10 Scale Off-Road RC Car built for speed, power, and rugged terrain. Designed with high-grip tires and a durable suspension system, it easily handles dirt, gravel, and rough tracks. Experience thrilling performance, precise control, and long-lasting fun—perfect for both beginners and RC enthusiasts who love off-road adventures. 🚗💨","1:10 Scale Off-Road RC Car built for speed, power, and rugged terrain. Designed with high-grip tires and a durable suspension system, it easily handles dirt, gravel, and rough tracks. Experience thrilling performance, precise control, and long-lasting fun—perfect for both beginners and RC enthusiasts who love off-road adventures. 🚗💨"
102,SG1008-OY,1:10 (3)Wheeled RC Cargo Tricycle Radio Control Vehicle Utility Truck Electric Realistic Model Delivery Car Hobby Grade,Drift Cars,1:10,5748,4871,18,95030090,7185,20,25,In Stock,4WD,35 KM/H,Electric Brushed Motor,Rechargeable Li-ion Battery Pack (Included),2.4 GHz Multi-Channel Transmitter,42 × 25 × 24 cm,2.5 kg,8+ Years,N/A,N/A,0,"Experience realistic driving with this 1:10 RC Cargo Tricycle, a 3-wheeled electric utility truck designed for hobby-grade performance. Featuring stable control, detailed design, and smooth handling, it’s perfect for delivery-style play, collectors, and RC enthusiasts who enjoy unique and realistic RC vehicles. 🚚⚡","Experience realistic driving with this 1:10 RC Cargo Tricycle, a 3-wheeled electric utility truck designed for hobby-grade performance. Featuring stable control, detailed design, and smooth handling, it’s perfect for delivery-style play, collectors, and RC enthusiasts who enjoy unique and realistic RC vehicles. 🚚⚡"
103,SG1201-B,1:12 Scale 4WD 2.4GHz High Speed Monster RC Car Truck Remote Control Car,Monster Trucks,1:12,16873,14299,18,95030090,21091,20,25,In Stock,4WD,35 KM/H,Electric Brushed Motor,Rechargeable Li-ion Battery Pack (Included),2.4 GHz Multi-Channel Transmitter,55 × 40 × 68 cm,4.5 kg,8+ Years,N/A,N/A,0,"Powerful 1:12 Scale 4WD Monster RC Car Truck with 2.4GHz remote control system for smooth control and stable performance. Designed for high-speed racing, off-road driving, and rough terrain adventures, perfect for exciting RC fun. 🚗","Powerful 1:12 Scale 4WD Monster RC Car Truck with 2.4GHz remote control system for smooth control and stable performance. Designed for high-speed racing, off-road driving, and rough terrain adventures, perfect for exciting RC fun. 🚗"
104,SG1403-G,1:14 Scale 4WD High-Speed RC Drift Car | 2.4GHz Remote Control Racing Vehicle,Monster Trucks,1:14,16248,13769,18,95030090,20310,20,25,In Stock,4WD,35 KM/H,Electric Brushed Motor,Rechargeable Li-ion Battery Pack (Included),2.4 GHz Multi-Channel Transmitter,40 × 20 × 24 cm,2.5 kg,8+ Years,N/A,N/A,0,"The SG1403-G RC Car is a high-performance 1:14 scale 4WD racing vehicle built for speed and control. Powered by a strong motor and durable suspension, it handles rough terrain with ease. The 2.4GHz remote control ensures stable, interference-free driving for an exciting RC racing experience. 🚗💨","The SG1403-G RC Car is a high-performance 1:14 scale 4WD racing vehicle built for speed and control. Powered by a strong motor and durable suspension, it handles rough terrain with ease. The 2.4GHz remote control ensures stable, interference-free driving for an exciting RC racing experience. 🚗💨"
105,SG1202-P,1:12 Remote Control Truck High Speed Brushless 4WD Control Truck RC Cars,Monster Trucks,1:12,16873,14299,18,95030090,21091,20,25,In Stock,4WD,35 KM/H,Brushless Motor,Rechargeable Li-ion Battery Pack (Included),2.4 GHz Multi-Channel Transmitter,55 × 40 × 68 cm,4.5 kg,8+ Years,N/A,N/A,0,"High-performance 1:12 Brushless 4WD Remote Control Truck with powerful motor and stable control system. Built for high-speed racing, off-road driving, and rough terrain performance, making it perfect for hobby-grade RC adventures. 🚗","High-performance 1:12 Brushless 4WD Remote Control Truck with powerful motor and stable control system. Built for high-speed racing, off-road driving, and rough terrain performance, making it perfect for hobby-grade RC adventures. 🚗"
106,HHG487-Y,1:64 Scale 2.4G Portable Mini RC 4CH Metal Mini Alloy Mini RC Remote Control Rc Drift Car,Racing Cars,1:64,2999,2542,18,95030090,3749,20,25,In Stock,4WD,35 KM/H,Electric Brushed Motor,Rechargeable Li-ion Battery Pack (Included),2.4 GHz Multi-Channel Transmitter,9.4 × 4.5 × 6.5 cm,0.3 kg,8+ Years,N/A,N/A,0,"Enjoy thrilling drifting with this 1:64 Scale 2.4G Portable Mini RC Drift Car featuring a durable metal alloy Mini RC body and 4-channel control for smooth handling. Its compact design makes it perfect for desk racing and indoor play, delivering realistic drift action, stable control, and fun driving for collectors and RC enthusiasts","Enjoy thrilling drifting with this 1:64 Scale 2.4G Portable Mini RC Drift Car featuring a durable metal alloy Mini RC body and 4-channel control for smooth handling. Its compact design makes it perfect for desk racing and indoor play, delivering realistic drift action, stable control, and fun driving for collectors and RC enthusiasts"
107,HHG493-LB,1:64 Scale 2.4G Portable Mini RC 4CH Metal Mini Alloy Mini RC Remote Control Rc Drift Car,Racing Cars,1:64,2999,2542,18,95030090,3749,20,25,In Stock,4WD,35 KM/H,Electric Brushed Motor,Rechargeable Li-ion Battery Pack (Included),2.4 GHz Multi-Channel Transmitter,9.4 × 4.5 × 6.5 cm,0.3 kg,8+ Years,N/A,N/A,0,"Enjoy thrilling drifting with this 1:64 Scale 2.4G Portable Mini RC Drift Car featuring a durable metal alloy Mini RC body and 4-channel control for smooth handling. Its compact design makes it perfect for desk racing and indoor play, delivering realistic drift action, stable control, and fun driving for collectors and RC enthusiasts","Enjoy thrilling drifting with this 1:64 Scale 2.4G Portable Mini RC Drift Car featuring a durable metal alloy Mini RC body and 4-channel control for smooth handling. Its compact design makes it perfect for desk racing and indoor play, delivering realistic drift action, stable control, and fun driving for collectors and RC enthusiasts"
108,HHG485-Bu,1:64 Scale 2.4G Portable Mini RC 4CH Metal Mini Alloy Mini RC Remote Control Rc Drift Car,Racing Cars,1:64,2999,2542,18,95030090,3749,20,25,In Stock,4WD,35 KM/H,Electric Brushed Motor,Rechargeable Li-ion Battery Pack (Included),2.4 GHz Multi-Channel Transmitter,9.4 × 4.5 × 6.5 cm,0.3 kg,8+ Years,N/A,N/A,0,"Enjoy thrilling drifting with this 1:64 Scale 2.4G Portable Mini RC Drift Car featuring a durable metal alloy Mini RC body and 4-channel control for smooth handling. Its compact design makes it perfect for desk racing and indoor play, delivering realistic drift action, stable control, and fun driving for collectors and RC enthusiasts","Enjoy thrilling drifting with this 1:64 Scale 2.4G Portable Mini RC Drift Car featuring a durable metal alloy Mini RC body and 4-channel control for smooth handling. Its compact design makes it perfect for desk racing and indoor play, delivering realistic drift action, stable control, and fun driving for collectors and RC enthusiasts"
109,HHG4156-Y,1:64 Scale Mini Metal RC Drift Car – 2.4GHz 4CH Alloy Mini RC Remote Portable Racer Car,Racing Cars,1:64,2999,2542,18,95030090,3749,20,25,In Stock,4WD,35 KM/H,Electric Brushed Motor,Rechargeable Li-ion Battery Pack (Included),2.4 GHz Multi-Channel Transmitter,18 × 9 × 9 cm,0.2 kg,8+ Years,N/A,N/A,0,"Enjoy exciting drifting with this 1:64 Scale Mini Metal RC Drift Car featuring a strong alloy Mini RC body and 2.4GHz 4CH remote control for smooth handling. Its portable mini design makes it perfect for desk racing, indoor play, and collectors who love realistic drift action in a compact RC car","Enjoy exciting drifting with this 1:64 Scale Mini Metal RC Drift Car featuring a strong alloy Mini RC body and 2.4GHz 4CH remote control for smooth handling. Its portable mini design makes it perfect for desk racing, indoor play, and collectors who love realistic drift action in a compact RC car"
110,HHG4155-SR,1:64 Scale Mini Metal RC Drift Car – 2.4GHz 4CH Alloy Mini RC Remote Portable Racer Car,Racing Cars,1:64,2999,2542,18,95030090,3749,20,25,In Stock,4WD,35 KM/H,Electric Brushed Motor,Rechargeable Li-ion Battery Pack (Included),2.4 GHz Multi-Channel Transmitter,18 × 9 × 9 cm,0.2 kg,8+ Years,N/A,N/A,0,"Enjoy exciting drifting with this 1:64 Scale Mini Metal RC Drift Car featuring a strong alloy Mini RC body and 2.4GHz 4CH remote control for smooth handling. Its portable mini design makes it perfect for desk racing, indoor play, and collectors who love realistic drift action in a compact RC car","Enjoy exciting drifting with this 1:64 Scale Mini Metal RC Drift Car featuring a strong alloy Mini RC body and 2.4GHz 4CH remote control for smooth handling. Its portable mini design makes it perfect for desk racing, indoor play, and collectors who love realistic drift action in a compact RC car"
111,HHG4126-B,1:64 Scale Mini Metal RC Drift Car – 2.4GHz 4CH Alloy Mini RC Remote Portable Racer Car,Racing Cars,1:64,2999,2542,18,95030090,3749,20,25,In Stock,4WD,35 KM/H,Electric Brushed Motor,Rechargeable Li-ion Battery Pack (Included),2.4 GHz Multi-Channel Transmitter,18 × 9 × 9 cm,0.4 kg,8+ Years,N/A,N/A,0,"Enjoy exciting drifting with this 1:64 Scale Mini Metal RC Drift Car featuring a strong alloy Mini RC body and 2.4GHz 4CH remote control for smooth handling. Its portable mini design makes it perfect for desk racing, indoor play, and collectors who love realistic drift action in a compact RC car","Enjoy exciting drifting with this 1:64 Scale Mini Metal RC Drift Car featuring a strong alloy Mini RC body and 2.4GHz 4CH remote control for smooth handling. Its portable mini design makes it perfect for desk racing, indoor play, and collectors who love realistic drift action in a compact RC car"
112,HHG4129-Y,1:64 Scale Mini Metal RC Drift Car – 2.4GHz 4CH Alloy Mini RC Remote Portable Racer Car,Racing Cars,1:64,2999,2542,18,95030090,3749,20,25,In Stock,4WD,35 KM/H,Electric Brushed Motor,Rechargeable Li-ion Battery Pack (Included),2.4 GHz Multi-Channel Transmitter,18 × 9 × 9 cm,0.2 kg,8+ Years,N/A,N/A,0,"Enjoy exciting drifting with this 1:64 Scale Mini Metal RC Drift Car featuring a strong alloy Mini RC body and 2.4GHz 4CH remote control for smooth handling. Its portable mini design makes it perfect for desk racing, indoor play, and collectors who love realistic drift action in a compact RC car","Enjoy exciting drifting with this 1:64 Scale Mini Metal RC Drift Car featuring a strong alloy Mini RC body and 2.4GHz 4CH remote control for smooth handling. Its portable mini design makes it perfect for desk racing, indoor play, and collectors who love realistic drift action in a compact RC car"
113,HHG4129-DBu,1:64 Scale Mini Metal RC Drift Car – 2.4GHz 4CH Alloy Mini RC Remote Portable Racer Car,Racing Cars,1:64,2999,2542,18,95030090,3749,20,25,In Stock,4WD,35 KM/H,Electric Brushed Motor,Rechargeable Li-ion Battery Pack (Included),2.4 GHz Multi-Channel Transmitter,18 × 9 × 9 cm,0.2 kg,8+ Years,N/A,N/A,0,"Enjoy exciting drifting with this 1:64 Scale Mini Metal RC Drift Car featuring a strong alloy Mini RC body and 2.4GHz 4CH remote control for smooth handling. Its portable mini design makes it perfect for desk racing, indoor play, and collectors who love realistic drift action in a compact RC car","Enjoy exciting drifting with this 1:64 Scale Mini Metal RC Drift Car featuring a strong alloy Mini RC body and 2.4GHz 4CH remote control for smooth handling. Its portable mini design makes it perfect for desk racing, indoor play, and collectors who love realistic drift action in a compact RC car"
114,HHG4129-Bu,1:64 Scale Mini Metal RC Drift Car – 2.4GHz 4CH Alloy Mini RC Remote Portable Racer Car,Racing Cars,1:64,2999,2542,18,95030090,3749,20,25,In Stock,4WD,35 KM/H,Electric Brushed Motor,Rechargeable Li-ion Battery Pack (Included),2.4 GHz Multi-Channel Transmitter,18 × 9 × 9 cm,0.2 kg,8+ Years,N/A,N/A,0,"Enjoy exciting drifting with this 1:64 Scale Mini Metal RC Drift Car featuring a strong alloy Mini RC body and 2.4GHz 4CH remote control for smooth handling. Its portable mini design makes it perfect for desk racing, indoor play, and collectors who love realistic drift action in a compact RC car","Enjoy exciting drifting with this 1:64 Scale Mini Metal RC Drift Car featuring a strong alloy Mini RC body and 2.4GHz 4CH remote control for smooth handling. Its portable mini design makes it perfect for desk racing, indoor play, and collectors who love realistic drift action in a compact RC car"
115,HHG4129-LB,1:64 Scale Mini Metal RC Drift Car – 2.4GHz 4CH Alloy Mini RC Remote Portable Racer Car,Racing Cars,1:64,2999,2542,18,95030090,3749,20,25,In Stock,4WD,35 KM/H,Electric Brushed Motor,Rechargeable Li-ion Battery Pack (Included),2.4 GHz Multi-Channel Transmitter,18 × 9 × 9 cm,0.2 kg,8+ Years,N/A,N/A,0,"Enjoy exciting drifting with this 1:64 Scale Mini Metal RC Drift Car featuring a strong alloy Mini RC body and 2.4GHz 4CH remote control for smooth handling. Its portable mini design makes it perfect for desk racing, indoor play, and collectors who love realistic drift action in a compact RC car","Enjoy exciting drifting with this 1:64 Scale Mini Metal RC Drift Car featuring a strong alloy Mini RC body and 2.4GHz 4CH remote control for smooth handling. Its portable mini design makes it perfect for desk racing, indoor play, and collectors who love realistic drift action in a compact RC car"
116,HHG4129-P,1:64 Scale Mini Metal RC Drift Car – 2.4GHz 4CH Alloy Mini RC Remote Portable Racer Car,Racing Cars,1:64,2999,2542,18,95030090,3749,20,25,In Stock,4WD,35 KM/H,Electric Brushed Motor,Rechargeable Li-ion Battery Pack (Included),2.4 GHz Multi-Channel Transmitter,18 × 9 × 9 cm,0.2 kg,8+ Years,N/A,N/A,0,"Enjoy exciting drifting with this 1:64 Scale Mini Metal RC Drift Car featuring a strong alloy Mini RC body and 2.4GHz 4CH remote control for smooth handling. Its portable mini design makes it perfect for desk racing, indoor play, and collectors who love realistic drift action in a compact RC car","Enjoy exciting drifting with this 1:64 Scale Mini Metal RC Drift Car featuring a strong alloy Mini RC body and 2.4GHz 4CH remote control for smooth handling. Its portable mini design makes it perfect for desk racing, indoor play, and collectors who love realistic drift action in a compact RC car"
117,HHG4129-R,1:64 Scale Mini Metal RC Drift Car – 2.4GHz 4CH Alloy Mini RC Remote Portable Racer Car,Racing Cars,1:64,2999,2542,18,95030090,3749,20,25,In Stock,4WD,35 KM/H,Electric Brushed Motor,Rechargeable Li-ion Battery Pack (Included),2.4 GHz Multi-Channel Transmitter,18 × 9 × 9 cm,0.2 kg,8+ Years,N/A,N/A,0,"Enjoy exciting drifting with this 1:64 Scale Mini Metal RC Drift Car featuring a strong alloy Mini RC body and 2.4GHz 4CH remote control for smooth handling. Its portable mini design makes it perfect for desk racing, indoor play, and collectors who love realistic drift action in a compact RC car","Enjoy exciting drifting with this 1:64 Scale Mini Metal RC Drift Car featuring a strong alloy Mini RC body and 2.4GHz 4CH remote control for smooth handling. Its portable mini design makes it perfect for desk racing, indoor play, and collectors who love realistic drift action in a compact RC car"
118,HHG4126-R,1:64 Scale Mini Metal RC Drift Car – 2.4GHz 4CH Alloy Mini RC Remote Portable Racer Car,Racing Cars,1:64,2999,2542,18,95030090,3749,20,25,In Stock,4WD,35 KM/H,Electric Brushed Motor,Rechargeable Li-ion Battery Pack (Included),2.4 GHz Multi-Channel Transmitter,18 × 9 × 9 cm,0.4 kg,8+ Years,N/A,N/A,0,"Enjoy exciting drifting with this 1:64 Scale Mini Metal RC Drift Car featuring a strong alloy Mini RC body and 2.4GHz 4CH remote control for smooth handling. Its portable mini design makes it perfect for desk racing, indoor play, and collectors who love realistic drift action in a compact RC car","Enjoy exciting drifting with this 1:64 Scale Mini Metal RC Drift Car featuring a strong alloy Mini RC body and 2.4GHz 4CH remote control for smooth handling. Its portable mini design makes it perfect for desk racing, indoor play, and collectors who love realistic drift action in a compact RC car"
119,HHG4126-SR,1:64 Scale Mini Metal RC Drift Car – 2.4GHz 4CH Alloy Mini RC Remote Portable Racer Car,Racing Cars,1:64,2999,2542,18,95030090,3749,20,25,In Stock,4WD,35 KM/H,Electric Brushed Motor,Rechargeable Li-ion Battery Pack (Included),2.4 GHz Multi-Channel Transmitter,18 × 9 × 9 cm,0.4 kg,8+ Years,N/A,N/A,0,"Enjoy exciting drifting with this 1:64 Scale Mini Metal RC Drift Car featuring a strong alloy Mini RC body and 2.4GHz 4CH remote control for smooth handling. Its portable mini design makes it perfect for desk racing, indoor play, and collectors who love realistic drift action in a compact RC car","Enjoy exciting drifting with this 1:64 Scale Mini Metal RC Drift Car featuring a strong alloy Mini RC body and 2.4GHz 4CH remote control for smooth handling. Its portable mini design makes it perfect for desk racing, indoor play, and collectors who love realistic drift action in a compact RC car"
120,HHG4126-P,1:64 Scale Mini Metal RC Drift Car – 2.4GHz 4CH Alloy Mini RC Remote Portable Racer Car,Racing Cars,1:64,2999,2542,18,95030090,3749,20,25,In Stock,4WD,35 KM/H,Electric Brushed Motor,Rechargeable Li-ion Battery Pack (Included),2.4 GHz Multi-Channel Transmitter,18 × 9 × 9 cm,0.4 kg,8+ Years,N/A,N/A,0,"Enjoy exciting drifting with this 1:64 Scale Mini Metal RC Drift Car featuring a strong alloy Mini RC body and 2.4GHz 4CH remote control for smooth handling. Its portable mini design makes it perfect for desk racing, indoor play, and collectors who love realistic drift action in a compact RC car","Enjoy exciting drifting with this 1:64 Scale Mini Metal RC Drift Car featuring a strong alloy Mini RC body and 2.4GHz 4CH remote control for smooth handling. Its portable mini design makes it perfect for desk racing, indoor play, and collectors who love realistic drift action in a compact RC car"
121,HHG4126-W,1:64 Scale Mini Metal RC Drift Car – 2.4GHz 4CH Alloy Mini RC Remote Portable Racer Car,Racing Cars,1:64,2999,2542,18,95030090,3749,20,25,In Stock,4WD,35 KM/H,Electric Brushed Motor,Rechargeable Li-ion Battery Pack (Included),2.4 GHz Multi-Channel Transmitter,18 × 9 × 9 cm,0.4 kg,8+ Years,N/A,N/A,0,"Enjoy exciting drifting with this 1:64 Scale Mini Metal RC Drift Car featuring a strong alloy Mini RC body and 2.4GHz 4CH remote control for smooth handling. Its portable mini design makes it perfect for desk racing, indoor play, and collectors who love realistic drift action in a compact RC car","Enjoy exciting drifting with this 1:64 Scale Mini Metal RC Drift Car featuring a strong alloy Mini RC body and 2.4GHz 4CH remote control for smooth handling. Its portable mini design makes it perfect for desk racing, indoor play, and collectors who love realistic drift action in a compact RC car"
122,HHG4126-BU,1:64 Scale Mini Metal RC Drift Car – 2.4GHz 4CH Alloy Mini RC Remote Portable Racer Car,Racing Cars,1:64,2999,2542,18,95030090,3749,20,25,In Stock,4WD,35 KM/H,Electric Brushed Motor,Rechargeable Li-ion Battery Pack (Included),2.4 GHz Multi-Channel Transmitter,18 × 9 × 9 cm,0.4 kg,8+ Years,N/A,N/A,0,"Enjoy exciting drifting with this 1:64 Scale Mini Metal RC Drift Car featuring a strong alloy Mini RC body and 2.4GHz 4CH remote control for smooth handling. Its portable mini design makes it perfect for desk racing, indoor play, and collectors who love realistic drift action in a compact RC car","Enjoy exciting drifting with this 1:64 Scale Mini Metal RC Drift Car featuring a strong alloy Mini RC body and 2.4GHz 4CH remote control for smooth handling. Its portable mini design makes it perfect for desk racing, indoor play, and collectors who love realistic drift action in a compact RC car"
123,HHG4155-W,1:64 Scale Mini Metal RC Drift Car – 2.4GHz 4CH Alloy Mini RC Remote Portable Racer Car,Racing Cars,1:64,2999,2542,18,95030090,3749,20,25,In Stock,4WD,35 KM/H,Electric Brushed Motor,Rechargeable Li-ion Battery Pack (Included),2.4 GHz Multi-Channel Transmitter,18 × 9 × 9 cm,0.2 kg,8+ Years,N/A,N/A,0,"Enjoy exciting drifting with this 1:64 Scale Mini Metal RC Drift Car featuring a strong alloy Mini RC body and 2.4GHz 4CH remote control for smooth handling. Its portable mini design makes it perfect for desk racing, indoor play, and collectors who love realistic drift action in a compact RC car","Enjoy exciting drifting with this 1:64 Scale Mini Metal RC Drift Car featuring a strong alloy Mini RC body and 2.4GHz 4CH remote control for smooth handling. Its portable mini design makes it perfect for desk racing, indoor play, and collectors who love realistic drift action in a compact RC car"
124,HHG4155-R,1:64 Scale Mini Metal RC Drift Car – 2.4GHz 4CH Alloy Mini RC Remote Portable Racer Car,Racing Cars,1:64,2999,2542,18,95030090,3749,20,25,In Stock,4WD,35 KM/H,Electric Brushed Motor,Rechargeable Li-ion Battery Pack (Included),2.4 GHz Multi-Channel Transmitter,18 × 9 × 9 cm,0.2 kg,8+ Years,N/A,N/A,0,"Enjoy exciting drifting with this 1:64 Scale Mini Metal RC Drift Car featuring a strong alloy Mini RC body and 2.4GHz 4CH remote control for smooth handling. Its portable mini design makes it perfect for desk racing, indoor play, and collectors who love realistic drift action in a compact RC car","Enjoy exciting drifting with this 1:64 Scale Mini Metal RC Drift Car featuring a strong alloy Mini RC body and 2.4GHz 4CH remote control for smooth handling. Its portable mini design makes it perfect for desk racing, indoor play, and collectors who love realistic drift action in a compact RC car"
125,HHG4155-P,1:64 Scale Mini Metal RC Drift Car – 2.4GHz 4CH Alloy Mini RC Remote Portable Racer Car,Racing Cars,1:64,2999,2542,18,95030090,3749,20,25,In Stock,4WD,35 KM/H,Electric Brushed Motor,Rechargeable Li-ion Battery Pack (Included),2.4 GHz Multi-Channel Transmitter,18 × 9 × 9 cm,0.2 kg,8+ Years,N/A,N/A,0,"Enjoy exciting drifting with this 1:64 Scale Mini Metal RC Drift Car featuring a strong alloy Mini RC body and 2.4GHz 4CH remote control for smooth handling. Its portable mini design makes it perfect for desk racing, indoor play, and collectors who love realistic drift action in a compact RC car","Enjoy exciting drifting with this 1:64 Scale Mini Metal RC Drift Car featuring a strong alloy Mini RC body and 2.4GHz 4CH remote control for smooth handling. Its portable mini design makes it perfect for desk racing, indoor play, and collectors who love realistic drift action in a compact RC car"
126,HHG4155-B,1:64 Scale Mini Metal RC Drift Car – 2.4GHz 4CH Alloy Mini RC Remote Portable Racer Car,Racing Cars,1:64,2999,2542,18,95030090,3749,20,25,In Stock,4WD,35 KM/H,Electric Brushed Motor,Rechargeable Li-ion Battery Pack (Included),2.4 GHz Multi-Channel Transmitter,18 × 9 × 9 cm,0.2 kg,8+ Years,N/A,N/A,0,"Enjoy exciting drifting with this 1:64 Scale Mini Metal RC Drift Car featuring a strong alloy Mini RC body and 2.4GHz 4CH remote control for smooth handling. Its portable mini design makes it perfect for desk racing, indoor play, and collectors who love realistic drift action in a compact RC car","Enjoy exciting drifting with this 1:64 Scale Mini Metal RC Drift Car featuring a strong alloy Mini RC body and 2.4GHz 4CH remote control for smooth handling. Its portable mini design makes it perfect for desk racing, indoor play, and collectors who love realistic drift action in a compact RC car"
127,HHG4155-Bu,1:64 Scale Mini Metal RC Drift Car – 2.4GHz 4CH Alloy Mini RC Remote Portable Racer Car,Racing Cars,1:64,2999,2542,18,95030090,3749,20,25,In Stock,4WD,35 KM/H,Electric Brushed Motor,Rechargeable Li-ion Battery Pack (Included),2.4 GHz Multi-Channel Transmitter,18 × 9 × 9 cm,0.2 kg,8+ Years,N/A,N/A,0,"Enjoy exciting drifting with this 1:64 Scale Mini Metal RC Drift Car featuring a strong alloy Mini RC body and 2.4GHz 4CH remote control for smooth handling. Its portable mini design makes it perfect for desk racing, indoor play, and collectors who love realistic drift action in a compact RC car","Enjoy exciting drifting with this 1:64 Scale Mini Metal RC Drift Car featuring a strong alloy Mini RC body and 2.4GHz 4CH remote control for smooth handling. Its portable mini design makes it perfect for desk racing, indoor play, and collectors who love realistic drift action in a compact RC car"
128,HHG4156-LB,1:64 Scale Mini Metal RC Drift Car – 2.4GHz 4CH Alloy Mini RC Remote Portable Racer Car,Racing Cars,1:64,2999,2542,18,95030090,3749,20,25,In Stock,4WD,35 KM/H,Electric Brushed Motor,Rechargeable Li-ion Battery Pack (Included),2.4 GHz Multi-Channel Transmitter,18 × 9 × 9 cm,0.2 kg,8+ Years,N/A,N/A,0,"Enjoy exciting drifting with this 1:64 Scale Mini Metal RC Drift Car featuring a strong alloy Mini RC body and 2.4GHz 4CH remote control for smooth handling. Its portable mini design makes it perfect for desk racing, indoor play, and collectors who love realistic drift action in a compact RC car","Enjoy exciting drifting with this 1:64 Scale Mini Metal RC Drift Car featuring a strong alloy Mini RC body and 2.4GHz 4CH remote control for smooth handling. Its portable mini design makes it perfect for desk racing, indoor play, and collectors who love realistic drift action in a compact RC car"
129,HHG4156-P,1:64 Scale Mini Metal RC Drift Car – 2.4GHz 4CH Alloy Mini RC Remote Portable Racer Car,Racing Cars,1:64,2999,2542,18,95030090,3749,20,25,In Stock,4WD,35 KM/H,Electric Brushed Motor,Rechargeable Li-ion Battery Pack (Included),2.4 GHz Multi-Channel Transmitter,18 × 9 × 9 cm,0.2 kg,8+ Years,N/A,N/A,0,"Enjoy exciting drifting with this 1:64 Scale Mini Metal RC Drift Car featuring a strong alloy Mini RC body and 2.4GHz 4CH remote control for smooth handling. Its portable mini design makes it perfect for desk racing, indoor play, and collectors who love realistic drift action in a compact RC car","Enjoy exciting drifting with this 1:64 Scale Mini Metal RC Drift Car featuring a strong alloy Mini RC body and 2.4GHz 4CH remote control for smooth handling. Its portable mini design makes it perfect for desk racing, indoor play, and collectors who love realistic drift action in a compact RC car"
130,HHG4156-R,1:64 Scale Mini Metal RC Drift Car – 2.4GHz 4CH Alloy Mini RC Remote Portable Racer Car,Racing Cars,1:64,2999,2542,18,95030090,3749,20,25,In Stock,4WD,35 KM/H,Electric Brushed Motor,Rechargeable Li-ion Battery Pack (Included),2.4 GHz Multi-Channel Transmitter,18 × 9 × 9 cm,0.2 kg,8+ Years,N/A,N/A,0,"Enjoy exciting drifting with this 1:64 Scale Mini Metal RC Drift Car featuring a strong alloy Mini RC body and 2.4GHz 4CH remote control for smooth handling. Its portable mini design makes it perfect for desk racing, indoor play, and collectors who love realistic drift action in a compact RC car","Enjoy exciting drifting with this 1:64 Scale Mini Metal RC Drift Car featuring a strong alloy Mini RC body and 2.4GHz 4CH remote control for smooth handling. Its portable mini design makes it perfect for desk racing, indoor play, and collectors who love realistic drift action in a compact RC car"
131,HHG4156-Bu,1:64 Scale Mini Metal RC Drift Car – 2.4GHz 4CH Alloy Mini RC Remote Portable Racer Car,Racing Cars,1:64,2999,2542,18,95030090,3749,20,25,In Stock,4WD,35 KM/H,Electric Brushed Motor,Rechargeable Li-ion Battery Pack (Included),2.4 GHz Multi-Channel Transmitter,18 × 9 × 9 cm,0.2 kg,8+ Years,N/A,N/A,0,"Enjoy exciting drifting with this 1:64 Scale Mini Metal RC Drift Car featuring a strong alloy Mini RC body and 2.4GHz 4CH remote control for smooth handling. Its portable mini design makes it perfect for desk racing, indoor play, and collectors who love realistic drift action in a compact RC car","Enjoy exciting drifting with this 1:64 Scale Mini Metal RC Drift Car featuring a strong alloy Mini RC body and 2.4GHz 4CH remote control for smooth handling. Its portable mini design makes it perfect for desk racing, indoor play, and collectors who love realistic drift action in a compact RC car"
132,HHG4156-LBu,1:64 Scale Mini Metal RC Drift Car – 2.4GHz 4CH Alloy Mini RC Remote Portable Racer Car,Racing Cars,1:64,2999,2542,18,95030090,3749,20,25,In Stock,4WD,35 KM/H,Electric Brushed Motor,Rechargeable Li-ion Battery Pack (Included),2.4 GHz Multi-Channel Transmitter,18 × 9 × 9 cm,0.2 kg,8+ Years,N/A,N/A,0,"Enjoy exciting drifting with this 1:64 Scale Mini Metal RC Drift Car featuring a strong alloy Mini RC body and 2.4GHz 4CH remote control for smooth handling. Its portable mini design makes it perfect for desk racing, indoor play, and collectors who love realistic drift action in a compact RC car","Enjoy exciting drifting with this 1:64 Scale Mini Metal RC Drift Car featuring a strong alloy Mini RC body and 2.4GHz 4CH remote control for smooth handling. Its portable mini design makes it perfect for desk racing, indoor play, and collectors who love realistic drift action in a compact RC car"
133,HHG485-B,1:64 Scale 2.4G Portable Mini RC 4CH Metal Mini Alloy Mini RC Remote Control Rc Drift Car,Racing Cars,1:64,2999,2542,18,95030090,3749,20,25,In Stock,4WD,35 KM/H,Electric Brushed Motor,Rechargeable Li-ion Battery Pack (Included),2.4 GHz Multi-Channel Transmitter,9.4 × 4.5 × 6.5 cm,0.3 kg,8+ Years,N/A,N/A,0,"Enjoy exciting drifting with this 1:64 Scale Mini Metal RC Drift Car featuring a strong alloy Mini RC body and 2.4GHz 4CH remote control for smooth handling. Its portable mini design makes it perfect for desk racing, indoor play, and collectors who love realistic drift action in a compact RC car","Enjoy exciting drifting with this 1:64 Scale Mini Metal RC Drift Car featuring a strong alloy Mini RC body and 2.4GHz 4CH remote control for smooth handling. Its portable mini design makes it perfect for desk racing, indoor play, and collectors who love realistic drift action in a compact RC car"
134,HHG485-P,1:64 Scale 2.4G Portable Mini RC 4CH Metal Mini Alloy Mini RC Remote Control Rc Drift Car,Racing Cars,1:64,2999,2542,18,95030090,3749,20,25,In Stock,4WD,35 KM/H,Electric Brushed Motor,Rechargeable Li-ion Battery Pack (Included),2.4 GHz Multi-Channel Transmitter,9.4 × 4.5 × 6.5 cm,0.3 kg,8+ Years,N/A,N/A,0,"Enjoy exciting drifting with this 1:64 Scale Mini Metal RC Drift Car featuring a strong alloy Mini RC body and 2.4GHz 4CH remote control for smooth handling. Its portable mini design makes it perfect for desk racing, indoor play, and collectors who love realistic drift action in a compact RC car","Enjoy exciting drifting with this 1:64 Scale Mini Metal RC Drift Car featuring a strong alloy Mini RC body and 2.4GHz 4CH remote control for smooth handling. Its portable mini design makes it perfect for desk racing, indoor play, and collectors who love realistic drift action in a compact RC car"
135,HHG485-W,1:64 Scale 2.4G Portable Mini RC 4CH Metal Mini Alloy Mini RC Remote Control Rc Drift Car,Racing Cars,1:64,2999,2542,18,95030090,3749,20,25,In Stock,4WD,35 KM/H,Electric Brushed Motor,Rechargeable Li-ion Battery Pack (Included),2.4 GHz Multi-Channel Transmitter,9.4 × 4.5 × 6.5 cm,0.3 kg,8+ Years,N/A,N/A,0,"Enjoy exciting drifting with this 1:64 Scale Mini Metal RC Drift Car featuring a strong alloy Mini RC body and 2.4GHz 4CH remote control for smooth handling. Its portable mini design makes it perfect for desk racing, indoor play, and collectors who love realistic drift action in a compact RC car","Enjoy exciting drifting with this 1:64 Scale Mini Metal RC Drift Car featuring a strong alloy Mini RC body and 2.4GHz 4CH remote control for smooth handling. Its portable mini design makes it perfect for desk racing, indoor play, and collectors who love realistic drift action in a compact RC car"
136,HHG485-Y,1:64 Scale 2.4G Portable Mini RC 4CH Metal Mini Alloy Mini RC Remote Control Rc Drift Car,Racing Cars,1:64,2999,2542,18,95030090,3749,20,25,In Stock,4WD,35 KM/H,Electric Brushed Motor,Rechargeable Li-ion Battery Pack (Included),2.4 GHz Multi-Channel Transmitter,9.4 × 4.5 × 6.5 cm,0.3 kg,8+ Years,N/A,N/A,0,"Enjoy exciting drifting with this 1:64 Scale Mini Metal RC Drift Car featuring a strong alloy Mini RC body and 2.4GHz 4CH remote control for smooth handling. Its portable mini design makes it perfect for desk racing, indoor play, and collectors who love realistic drift action in a compact RC car","Enjoy exciting drifting with this 1:64 Scale Mini Metal RC Drift Car featuring a strong alloy Mini RC body and 2.4GHz 4CH remote control for smooth handling. Its portable mini design makes it perfect for desk racing, indoor play, and collectors who love realistic drift action in a compact RC car"
137,HHG485-LB,1:64 Scale 2.4G Portable Mini RC 4CH Metal Mini Alloy Mini RC Remote Control Rc Drift Car,Racing Cars,1:64,2999,2542,18,95030090,3749,20,25,In Stock,4WD,35 KM/H,Electric Brushed Motor,Rechargeable Li-ion Battery Pack (Included),2.4 GHz Multi-Channel Transmitter,9.4 × 4.5 × 6.5 cm,0.3 kg,8+ Years,N/A,N/A,0,"Enjoy exciting drifting with this 1:64 Scale Mini Metal RC Drift Car featuring a strong alloy Mini RC body and 2.4GHz 4CH remote control for smooth handling. Its portable mini design makes it perfect for desk racing, indoor play, and collectors who love realistic drift action in a compact RC car","Enjoy exciting drifting with this 1:64 Scale Mini Metal RC Drift Car featuring a strong alloy Mini RC body and 2.4GHz 4CH remote control for smooth handling. Its portable mini design makes it perfect for desk racing, indoor play, and collectors who love realistic drift action in a compact RC car"
138,HHG493-B,1:64 Scale 2.4G Portable Mini RC 4CH Metal Mini Alloy Mini RC Remote Control Rc Drift Car,Racing Cars,1:64,2999,2542,18,95030090,3749,20,25,In Stock,4WD,35 KM/H,Electric Brushed Motor,Rechargeable Li-ion Battery Pack (Included),2.4 GHz Multi-Channel Transmitter,9.4 × 4.5 × 6.5 cm,0.3 kg,8+ Years,N/A,N/A,0,"Enjoy exciting drifting with this 1:64 Scale Mini Metal RC Drift Car featuring a strong alloy Mini RC body and 2.4GHz 4CH remote control for smooth handling. Its portable mini design makes it perfect for desk racing, indoor play, and collectors who love realistic drift action in a compact RC car","Enjoy exciting drifting with this 1:64 Scale Mini Metal RC Drift Car featuring a strong alloy Mini RC body and 2.4GHz 4CH remote control for smooth handling. Its portable mini design makes it perfect for desk racing, indoor play, and collectors who love realistic drift action in a compact RC car"
139,HHG493-R,1:64 Scale 2.4G Portable Mini RC 4CH Metal Mini Alloy Mini RC Remote Control Rc Drift Car,Racing Cars,1:64,2999,2542,18,95030090,3749,20,25,In Stock,4WD,35 KM/H,Electric Brushed Motor,Rechargeable Li-ion Battery Pack (Included),2.4 GHz Multi-Channel Transmitter,9.4 × 4.5 × 6.5 cm,0.3 kg,8+ Years,N/A,N/A,0,"Enjoy exciting drifting with this 1:64 Scale Mini Metal RC Drift Car featuring a strong alloy Mini RC body and 2.4GHz 4CH remote control for smooth handling. Its portable mini design makes it perfect for desk racing, indoor play, and collectors who love realistic drift action in a compact RC car","Enjoy exciting drifting with this 1:64 Scale Mini Metal RC Drift Car featuring a strong alloy Mini RC body and 2.4GHz 4CH remote control for smooth handling. Its portable mini design makes it perfect for desk racing, indoor play, and collectors who love realistic drift action in a compact RC car"
140,HHG493-P,1:64 Scale 2.4G Portable Mini RC 4CH Metal Mini Alloy Mini RC Remote Control Rc Drift Car,Racing Cars,1:64,2999,2542,18,95030090,3749,20,25,In Stock,4WD,35 KM/H,Electric Brushed Motor,Rechargeable Li-ion Battery Pack (Included),2.4 GHz Multi-Channel Transmitter,9.4 × 4.5 × 6.5 cm,0.3 kg,8+ Years,N/A,N/A,0,"Enjoy exciting drifting with this 1:64 Scale Mini Metal RC Drift Car featuring a strong alloy Mini RC body and 2.4GHz 4CH remote control for smooth handling. Its portable mini design makes it perfect for desk racing, indoor play, and collectors who love realistic drift action in a compact RC car","Enjoy exciting drifting with this 1:64 Scale Mini Metal RC Drift Car featuring a strong alloy Mini RC body and 2.4GHz 4CH remote control for smooth handling. Its portable mini design makes it perfect for desk racing, indoor play, and collectors who love realistic drift action in a compact RC car"
141,HHG493-W,1:64 Scale 2.4G Portable Mini RC 4CH Metal Mini Alloy Mini RC Remote Control Rc Drift Car,Racing Cars,1:64,2999,2542,18,95030090,3749,20,25,In Stock,4WD,35 KM/H,Electric Brushed Motor,Rechargeable Li-ion Battery Pack (Included),2.4 GHz Multi-Channel Transmitter,9.4 × 4.5 × 6.5 cm,0.3 kg,8+ Years,N/A,N/A,0,"Enjoy exciting drifting with this 1:64 Scale Mini Metal RC Drift Car featuring a strong alloy Mini RC body and 2.4GHz 4CH remote control for smooth handling. Its portable mini design makes it perfect for desk racing, indoor play, and collectors who love realistic drift action in a compact RC car","Enjoy exciting drifting with this 1:64 Scale Mini Metal RC Drift Car featuring a strong alloy Mini RC body and 2.4GHz 4CH remote control for smooth handling. Its portable mini design makes it perfect for desk racing, indoor play, and collectors who love realistic drift action in a compact RC car"
142,HHG493-Y,1:64 Scale 2.4G Portable Mini RC 4CH Metal Mini Alloy Mini RC Remote Control Rc Drift Car,Racing Cars,1:64,2999,2542,18,95030090,3749,20,25,In Stock,4WD,35 KM/H,Electric Brushed Motor,Rechargeable Li-ion Battery Pack (Included),2.4 GHz Multi-Channel Transmitter,9.4 × 4.5 × 6.5 cm,0.3 kg,8+ Years,N/A,N/A,0,"Enjoy exciting drifting with this 1:64 Scale Mini Metal RC Drift Car featuring a strong alloy Mini RC body and 2.4GHz 4CH remote control for smooth handling. Its portable mini design makes it perfect for desk racing, indoor play, and collectors who love realistic drift action in a compact RC car","Enjoy exciting drifting with this 1:64 Scale Mini Metal RC Drift Car featuring a strong alloy Mini RC body and 2.4GHz 4CH remote control for smooth handling. Its portable mini design makes it perfect for desk racing, indoor play, and collectors who love realistic drift action in a compact RC car"
143,HHG487-B,1:64 Scale 2.4G Portable Mini RC 4CH Metal Mini Alloy Mini RC Remote Control Rc Drift Car,Racing Cars,1:64,2999,2542,18,95030090,3749,20,25,In Stock,4WD,35 KM/H,Electric Brushed Motor,Rechargeable Li-ion Battery Pack (Included),2.4 GHz Multi-Channel Transmitter,9.4 × 4.5 × 6.5 cm,0.3 kg,8+ Years,N/A,N/A,0,"Enjoy exciting drifting with this 1:64 Scale Mini Metal RC Drift Car featuring a strong alloy Mini RC body and 2.4GHz 4CH remote control for smooth handling. Its portable mini design makes it perfect for desk racing, indoor play, and collectors who love realistic drift action in a compact RC car","Enjoy exciting drifting with this 1:64 Scale Mini Metal RC Drift Car featuring a strong alloy Mini RC body and 2.4GHz 4CH remote control for smooth handling. Its portable mini design makes it perfect for desk racing, indoor play, and collectors who love realistic drift action in a compact RC car"
144,HHG487-W,1:64 Scale 2.4G Portable Mini RC 4CH Metal Mini Alloy Mini RC Remote Control Rc Drift Car,Racing Cars,1:64,2999,2542,18,95030090,3749,20,25,In Stock,4WD,35 KM/H,Electric Brushed Motor,Rechargeable Li-ion Battery Pack (Included),2.4 GHz Multi-Channel Transmitter,9.4 × 4.5 × 6.5 cm,0.3 kg,8+ Years,N/A,N/A,0,"Enjoy exciting drifting with this 1:64 Scale Mini Metal RC Drift Car featuring a strong alloy Mini RC body and 2.4GHz 4CH remote control for smooth handling. Its portable mini design makes it perfect for desk racing, indoor play, and collectors who love realistic drift action in a compact RC car","Enjoy exciting drifting with this 1:64 Scale Mini Metal RC Drift Car featuring a strong alloy Mini RC body and 2.4GHz 4CH remote control for smooth handling. Its portable mini design makes it perfect for desk racing, indoor play, and collectors who love realistic drift action in a compact RC car"
145,HHG487-R,1:64 Scale 2.4G Portable Mini RC 4CH Metal Mini Alloy Mini RC Remote Control Rc Drift Car,Racing Cars,1:64,2999,2542,18,95030090,3749,20,25,In Stock,4WD,35 KM/H,Electric Brushed Motor,Rechargeable Li-ion Battery Pack (Included),2.4 GHz Multi-Channel Transmitter,9.4 × 4.5 × 6.5 cm,0.3 kg,8+ Years,N/A,N/A,0,"Enjoy exciting drifting with this 1:64 Scale Mini Metal RC Drift Car featuring a strong alloy Mini RC body and 2.4GHz 4CH remote control for smooth handling. Its portable mini design makes it perfect for desk racing, indoor play, and collectors who love realistic drift action in a compact RC car","Enjoy exciting drifting with this 1:64 Scale Mini Metal RC Drift Car featuring a strong alloy Mini RC body and 2.4GHz 4CH remote control for smooth handling. Its portable mini design makes it perfect for desk racing, indoor play, and collectors who love realistic drift action in a compact RC car"
146,HHG487-P,1:64 Scale 2.4G Portable Mini RC 4CH Metal Mini Alloy Mini RC Remote Control Rc Drift Car,Racing Cars,1:64,2999,2542,18,95030090,3749,20,25,In Stock,4WD,35 KM/H,Electric Brushed Motor,Rechargeable Li-ion Battery Pack (Included),2.4 GHz Multi-Channel Transmitter,9.4 × 4.5 × 6.5 cm,0.3 kg,8+ Years,N/A,N/A,0,"Enjoy exciting drifting with this 1:64 Scale Mini Metal RC Drift Car featuring a strong alloy Mini RC body and 2.4GHz 4CH remote control for smooth handling. Its portable mini design makes it perfect for desk racing, indoor play, and collectors who love realistic drift action in a compact RC car","Enjoy exciting drifting with this 1:64 Scale Mini Metal RC Drift Car featuring a strong alloy Mini RC body and 2.4GHz 4CH remote control for smooth handling. Its portable mini design makes it perfect for desk racing, indoor play, and collectors who love realistic drift action in a compact RC car"
147,HHG487-Bu,1:64 Scale 2.4G Portable Mini RC 4CH Metal Mini Alloy Mini RC Remote Control Rc Drift Car,Racing Cars,1:64,2999,2542,18,95030090,3749,20,25,In Stock,4WD,35 KM/H,Electric Brushed Motor,Rechargeable Li-ion Battery Pack (Included),2.4 GHz Multi-Channel Transmitter,9.4 × 4.5 × 6.5 cm,0.3 kg,8+ Years,N/A,N/A,0,"Enjoy exciting drifting with this 1:64 Scale Mini Metal RC Drift Car featuring a strong alloy Mini RC body and 2.4GHz 4CH remote control for smooth handling. Its portable mini design makes it perfect for desk racing, indoor play, and collectors who love realistic drift action in a compact RC car","Enjoy exciting drifting with this 1:64 Scale Mini Metal RC Drift Car featuring a strong alloy Mini RC body and 2.4GHz 4CH remote control for smooth handling. Its portable mini design makes it perfect for desk racing, indoor play, and collectors who love realistic drift action in a compact RC car"
148,SGHG453-W,1:16 RC Off-Road Car 4WD Jimny 2.4G Electric Remote Control SUV Model with Light Rock Crawler Cars for Boys,Racing Cars,1:16,12123,10274,18,95030090,15154,20,25,In Stock,4WD,35 KM/H,Electric Brushed Motor,Rechargeable Li-ion Battery Pack (Included),2.4 GHz Multi-Channel Transmitter,54 × 49 × 61 cm,1.5 kg,8+ Years,N/A,N/A,0,"The SGHG453-W RC Car is designed for exciting high-speed performance and smooth remote control handling. Equipped with a reliable 2.4GHz control system, it offers stable driving and long-range operation. Its durable body and strong tires make it suitable for racing, drifting, and fun outdoor RC adventures.","The SGHG453-W RC Car is designed for exciting high-speed performance and smooth remote control handling. Equipped with a reliable 2.4GHz control system, it offers stable driving and long-range operation. Its durable body and strong tires make it suitable for racing, drifting, and fun outdoor RC adventures."
149,SG1202-G,1:12 Remote Control Truck High Speed Brushless 4WD Control Truck RC Cars,Monster Trucks,1:12,16873,14299,18,95030090,21091,20,25,In Stock,4WD,35 KM/H,Brushless Motor,Rechargeable Li-ion Battery Pack (Included),2.4 GHz Multi-Channel Transmitter,55 × 40 × 68 cm,4.5 kg,8+ Years,N/A,N/A,0,"Powerful 1:12 High-Speed Brushless 4WD Remote Control Truck with strong motor performance and smooth control system. Designed for fast racing, off-road driving, and tough terrain action, perfect for hobby-grade RC car enthusiasts. 🚗","Powerful 1:12 High-Speed Brushless 4WD Remote Control Truck with strong motor performance and smooth control system. Designed for fast racing, off-road driving, and tough terrain action, perfect for hobby-grade RC car enthusiasts. 🚗"
150,SG1201-Y,1:12 Scale 4WD 2.4GHz High Speed Monster RC Car Truck Remote Control Car,Monster Trucks,1:12,16873,14299,18,95030090,21091,20,25,In Stock,4WD,35 KM/H,Electric Brushed Motor,Rechargeable Li-ion Battery Pack (Included),2.4 GHz Multi-Channel Transmitter,55 × 40 × 68 cm,4.5 kg,8+ Years,N/A,N/A,0,"High-performance 1:12 Scale 4WD Monster RC Car Truck with 2.4GHz remote control system for smooth and stable driving. Built for high-speed racing, powerful off-road performance, and rough terrain adventures, perfect for exciting RC action. 🚗","High-performance 1:12 Scale 4WD Monster RC Car Truck with 2.4GHz remote control system for smooth and stable driving. Built for high-speed racing, powerful off-road performance, and rough terrain adventures, perfect for exciting RC action. 🚗"
151,SG 1403-Y,1:14 Scale 4WD High-Speed RC Drift Car | 2.4GHz Remote Control Racing Vehicle,Monster Trucks,1:14,16248,13769,18,95030090,20310,20,25,In Stock,4WD,35 KM/H,Electric Brushed Motor,Rechargeable Li-ion Battery Pack (Included),2.4 GHz Multi-Channel Transmitter,40 × 20 × 24 cm,2.5 kg,8+ Years,N/A,N/A,0,"The SG 1403-Y RC Car is a powerful 1:14 scale 4WD high-speed racing vehicle designed for performance and durability. With a strong motor, durable suspension, and 2.4GHz remote control, it offers smooth handling on different terrains. Ideal for RC enthusiasts who enjoy fast and exciting driving action. 🚗💨","The SG 1403-Y RC Car is a powerful 1:14 scale 4WD high-speed racing vehicle designed for performance and durability. With a strong motor, durable suspension, and 2.4GHz remote control, it offers smooth handling on different terrains. Ideal for RC enthusiasts who enjoy fast and exciting driving action. 🚗💨"
152,SG1008-B,1:10 (3)Wheeled RC Cargo Tricycle Radio Control Vehicle Utility Truck Electric Realistic Model Delivery Car Hobby Grade,Drift Cars,1:10,5748,4871,18,95030090,7185,20,25,In Stock,4WD,35 KM/H,Electric Brushed Motor,Rechargeable Li-ion Battery Pack (Included),2.4 GHz Multi-Channel Transmitter,42 × 25 × 24 cm,2.5 kg,8+ Years,N/A,N/A,0,"Experience realistic driving with this 1:10 RC Cargo Tricycle, a 3-wheeled electric utility truck designed for hobby-grade performance. Featuring stable control, detailed design, and smooth handling, it’s perfect for delivery-style play, collectors, and RC enthusiasts who enjoy unique and realistic RC vehicles. 🚚⚡","Experience realistic driving with this 1:10 RC Cargo Tricycle, a 3-wheeled electric utility truck designed for hobby-grade performance. Featuring stable control, detailed design, and smooth handling, it’s perfect for delivery-style play, collectors, and RC enthusiasts who enjoy unique and realistic RC vehicles. 🚚⚡"
153,SG1803-BB,1:18 Cherokee Simulation 4WD Climbing RC Car Remote Control Car Rc Crawler with External Carbon Brush 370 Motor,Off Road Crawlers,1:18,11873,10062,18,95030090,14841,20,25,In Stock,4WD,35 KM/H,Electric Brushed Motor,Rechargeable Li-ion Battery Pack (Included),2.4 GHz Multi-Channel Transmitter,35 × 19 × 21 cm,1.5 kg,8+ Years,N/A,N/A,0,"The SG1803-BB RC Off-Road Car is built for high-speed performance and smooth control. Featuring a reliable 2.4GHz remote system, it ensures stable handling and responsive driving. Its durable body and rugged off-road tires make it ideal for racing, drifting, and exciting outdoor RC adventures.","The SG1803-BB RC Off-Road Car is built for high-speed performance and smooth control. Featuring a reliable 2.4GHz remote system, it ensures stable handling and responsive driving. Its durable body and rugged off-road tires make it ideal for racing, drifting, and exciting outdoor RC adventures."
154,SGRD1201-B,1:12 Scale High-Speed Four-Wheel Drive RC Car 2.4ghz Remote Control Toys Model RC Car,Racing Cars,1:12,15573,13197,18,95030090,19466,20,25,In Stock,4WD,35 KM/H,Electric Brushed Motor,Rechargeable Li-ion Battery Pack (Included),2.4 GHz Multi-Channel Transmitter,44 × 27 × 26 cm,3.5 kg,8+ Years,N/A,N/A,0,"High-performance 1:12 Scale High-Speed 4WD RC Car with 2.4GHz remote control system for smooth and stable driving. Designed for fast racing, off-road performance, and exciting RC adventures, perfect for hobby-grade fun. 🚗","High-performance 1:12 Scale High-Speed 4WD RC Car with 2.4GHz remote control system for smooth and stable driving. Designed for fast racing, off-road performance, and exciting RC adventures, perfect for hobby-grade fun. 🚗"
155,SGR1601-B,1:16 Scale Remote Control Off Road Racing Car with Cruise Control High Speed Climbing RC Crawler,Off Road Crawlers,1:16,6248,5295,18,95030090,7810,20,25,In Stock,4WD,35 KM/H,Electric Brushed Motor,Rechargeable Li-ion Battery Pack (Included),2.4 GHz Multi-Channel Transmitter,29 × 25 × 19 cm,1.4 kg,8+ Years,N/A,N/A,0,"The SGR1601-B RC Off-Road Car is built for speed, control, and durability. Featuring a reliable 2.4GHz remote system, it provides smooth handling and stable performance. Its rugged design and strong tires make it ideal for off-road racing, drifting, and exciting outdoor RC adventures.","The SGR1601-B RC Off-Road Car is built for speed, control, and durability. Featuring a reliable 2.4GHz remote system, it provides smooth handling and stable performance. Its rugged design and strong tires make it ideal for off-road racing, drifting, and exciting outdoor RC adventures."
156,SGR1601-S,1:16 Scale Remote Control Off Road Racing Car with Cruise Control High Speed Climbing RC Crawler,Off Road Crawlers,1:16,6248,5295,18,95030090,7810,20,25,In Stock,4WD,35 KM/H,Electric Brushed Motor,Rechargeable Li-ion Battery Pack (Included),2.4 GHz Multi-Channel Transmitter,29 × 25 × 19 cm,1.4 kg,8+ Years,N/A,N/A,0,"The SGR1601-S RC Off-Road Car delivers fast, stable performance with a responsive 2.4GHz remote control system. Built with a durable body and high-grip tires, it handles rough terrains with ease. Perfect for racing, drifting, and outdoor fun, it offers an exciting RC driving experience for hobby enthusiasts.","The SGR1601-S RC Off-Road Car delivers fast, stable performance with a responsive 2.4GHz remote control system. Built with a durable body and high-grip tires, it handles rough terrains with ease. Perfect for racing, drifting, and outdoor fun, it offers an exciting RC driving experience for hobby enthusiasts."
157,SGHG451-G,1:18 2.4G 4WD RC Car Command Vehicle LED Light Simulated Sound Smoke Crawler Off-Road Climbing Truck RTR Full,Racing Cars,1:18,13073,11079,18,95030090,16341,20,25,In Stock,4WD,35 KM/H,Electric Brushed Motor,Rechargeable Li-ion Battery Pack (Included),2.4 GHz Multi-Channel Transmitter,32 × 19 × 19 cm,1.5 kg,8+ Years,N/A,N/A,0,"The SGHG451-G RC Car delivers fast, smooth performance with a responsive 2.4GHz remote control system. Built with a durable body and strong tires, it ensures stable handling on different terrains. Perfect for racing, drifting, and outdoor fun, it offers an exciting RC driving experience. 🚗💨","The SGHG451-G RC Car delivers fast, smooth performance with a responsive 2.4GHz remote control system. Built with a durable body and strong tires, it ensures stable handling on different terrains. Perfect for racing, drifting, and outdoor fun, it offers an exciting RC driving experience. 🚗💨"
158,SGSCY16307-G,1:16 Brushless RC Drift Car 60KM/H High Speed Remote Control RC Cars 2.4G 4WD RC Car,Drift Cars,1:16,15623,13240,18,95030090,19529,20,25,In Stock,4WD,60KM/H,Brushless Motor,Rechargeable Li-ion Battery Pack (Included),2.4 GHz Multi-Channel Transmitter,41 × 18 × 30 cm,1.9 kg,8+ Years,N/A,N/A,0,"The SGSCY16307-G RC Off-Road Car offers powerful performance with smooth 2.4GHz remote control for stable handling and long-range operation. Built with a durable body and rugged tires, it easily tackles rough terrain. Ideal for racing, drifting, and outdoor adventures, it delivers an exciting RC driving experience.","The SGSCY16307-G RC Off-Road Car offers powerful performance with smooth 2.4GHz remote control for stable handling and long-range operation. Built with a durable body and rugged tires, it easily tackles rough terrain. Ideal for racing, drifting, and outdoor adventures, it delivers an exciting RC driving experience."
159,SGJXC5826-PG,1:12 Scale 4Runner Land Cruiser LC80 Official Licensed Off Road RC Crawler Truck With 2.4G Proportional Remote Control Led Light,Off Road Crawlers,1:12,14373,12181,18,95030090,17966,20,25,In Stock,4WD,35 KM/H,Electric Brushed Motor,Rechargeable Li-ion Battery Pack (Included),2.4 GHz Multi-Channel Transmitter,60 × 30 × 32 cm,5 kg,8+ Years,N/A,N/A,0,"Official Licensed 1:12 Scale Land Cruiser LC80 RC Crawler Truck with 2.4GHz proportional remote control and LED lights. Designed for realistic off-road driving, powerful climbing performance, and rough terrain adventures, perfect for hobby-grade RC enthusiasts. 🚗","Official Licensed 1:12 Scale Land Cruiser LC80 RC Crawler Truck with 2.4GHz proportional remote control and LED lights. Designed for realistic off-road driving, powerful climbing performance, and rough terrain adventures, perfect for hobby-grade RC enthusiasts. 🚗"
160,SGJXC5826-PY,1:12 Scale 4Runner Land Cruiser LC80 Official Licensed Off Road RC Crawler Truck With 2.4G Proportional Remote Control Led Light,Off Road Crawlers,1:12,14373,12181,18,95030090,17966,20,25,In Stock,4WD,35 KM/H,Electric Brushed Motor,Rechargeable Li-ion Battery Pack (Included),2.4 GHz Multi-Channel Transmitter,60 × 30 × 32 cm,5 kg,8+ Years,N/A,N/A,0,"Official Licensed 1:12 Scale Land Cruiser LC80 RC Crawler Truck with 2.4GHz proportional remote control and LED lights. Built for powerful off-road crawling, climbing performance, and rough terrain driving, perfect for realistic RC adventure and hobby-grade fun. 🚗","Official Licensed 1:12 Scale Land Cruiser LC80 RC Crawler Truck with 2.4GHz proportional remote control and LED lights. Built for powerful off-road crawling, climbing performance, and rough terrain driving, perfect for realistic RC adventure and hobby-grade fun. 🚗"
161,SGJXC5813A-PR,1:24 Scale Delica Official Licensed RWD Mini Radio Control RC Drift Car 2.4GHz Proportional Multipurpose Entertainment,Racing Cars,1:24,6898,5846,18,95030090,8623,20,25,In Stock,RWD,35 KM/H,Electric Brushed Motor,Rechargeable Li-ion Battery Pack (Included),2.4 GHz Multi-Channel Transmitter,35 × 21 × 20 cm,2 kg,8+ Years,N/A,N/A,0,"The SGJXC5813A-PR RC Car is a 1:24 scale mini remote control vehicle designed for smooth and realistic driving. It features 2.4GHz full-proportional control, LED headlights, and a durable build for stable performance. With responsive steering and up to 50 m control range, it’s perfect for indoor and outdoor RC fun. 🚗","The SGJXC5813A-PR RC Car is a 1:24 scale mini remote control vehicle designed for smooth and realistic driving. It features 2.4GHz full-proportional control, LED headlights, and a durable build for stable performance. With responsive steering and up to 50 m control range, it’s perfect for indoor and outdoor RC fun. 🚗"
162,SGJXC5813A-PG,1:24 Scale Delica Official Licensed RWD Mini Radio Control RC Drift Car 2.4GHz Proportional Multipurpose Entertainment,Racing Cars,1:24,6873,5825,18,95030090,8591,20,25,In Stock,RWD,35 KM/H,Electric Brushed Motor,Rechargeable Li-ion Battery Pack (Included),2.4 GHz Multi-Channel Transmitter,35 × 21 × 20 cm,2 kg,8+ Years,N/A,N/A,0,"The SGJXC5813A-PG RC Car is a 1:24 scale mini remote control vehicle designed for smooth and realistic driving. It features 2.4GHz full-proportional control, LED headlights, and a durable build for stable performance. With responsive steering and up to 50 m control range, it’s perfect for indoor and outdoor RC fun. 🚗","The SGJXC5813A-PG RC Car is a 1:24 scale mini remote control vehicle designed for smooth and realistic driving. It features 2.4GHz full-proportional control, LED headlights, and a durable build for stable performance. With responsive steering and up to 50 m control range, it’s perfect for indoor and outdoor RC fun. 🚗"
163,MJX14210-B,1:14 Scale Hyper Go 4WD Climber Racing Truck 2.4GHz 55KM/H RC Brushless High-Speed Off-Road Buggy Car Vehicles,Monster Trucks,1:14,26862,22764,18,95030090,33578,20,25,In Stock,4WD,55KM/H,Brushless Motor,Rechargeable Li-ion Battery Pack (Included),2.4 GHz Multi-Channel Transmitter,32 × 14 × 21 cm,1.5 kg,8+ Years,N/A,N/A,0,"The MJX 14210-B RC Car is a high-speed 1:14 scale 4WD off-road racing vehicle built for power and durability. Featuring a strong motor, rugged suspension, and 2.4GHz remote control, it delivers smooth handling on rough terrains. Perfect for RC enthusiasts who enjoy fast, thrilling off-road action. 🚗💨","The MJX 14210-B RC Car is a high-speed 1:14 scale 4WD off-road racing vehicle built for power and durability. Featuring a strong motor, rugged suspension, and 2.4GHz remote control, it delivers smooth handling on rough terrains. Perfect for RC enthusiasts who enjoy fast, thrilling off-road action. 🚗💨"
164,MJXH12Y-B,1:12 Hyper Go 4WD New Rc Car Brushless Motor Metal Accessories Climbing Off-road Monster Truck App Controlled 45A ESC,Off Road Crawlers,1:12,24412,20688,18,95030090,30515,20,25,In Stock,4WD,35 KM/H,Brushless Motor,Rechargeable Li-ion Battery Pack (Included),2.4 GHz Multi-Channel Transmitter,45 × 29 × 24 cm,7 kg,8+ Years,N/A,N/A,0,"Powerful 1:12 Hyper Go 4WD Brushless RC Monster Truck with 45A ESC and app control system for smooth and responsive driving. Built with durable metal accessories, designed for high-speed racing, climbing, and extreme off-road performance. 🚗","Powerful 1:12 Hyper Go 4WD Brushless RC Monster Truck with 45A ESC and app control system for smooth and responsive driving. Built with durable metal accessories, designed for high-speed racing, climbing, and extreme off-road performance. 🚗"
165,32JJ248BU-B,1:32 Bugatti Divo,Collectables,1:32,1799,1525,18,95030090,2249,20,25,In Stock,4WD,35 KM/H,Electric Brushed Motor,Rechargeable Li-ion Battery Pack (Included),2.4 GHz Multi-Channel Transmitter,18 × 9 × 9 cm,0.2 kg,8+ Years,N/A,N/A,0,"Premium 1:32 scale collectible car models crafted for enthusiasts and collectors. Designed with precision detailing, realistic proportions, and high-quality materials, these models capture the spirit of iconic automobiles. Perfect for display, gifting, or building a stunning collection.","Premium 1:32 scale collectible car models crafted for enthusiasts and collectors. Designed with precision detailing, realistic proportions, and high-quality materials, these models capture the spirit of iconic automobiles. Perfect for display, gifting, or building a stunning collection."
166,32JJ247AMV-Y,1:32 Aston Martin Valkyrie,Collectables,1:32,1799,1525,18,95030090,2249,20,25,In Stock,4WD,35 KM/H,Electric Brushed Motor,Rechargeable Li-ion Battery Pack (Included),2.4 GHz Multi-Channel Transmitter,18 × 9 × 9 cm,0.2 kg,8+ Years,N/A,N/A,0,"Premium 1:32 scale collectible car models crafted for enthusiasts and collectors. Designed with precision detailing, realistic proportions, and high-quality materials, these models capture the spirit of iconic automobiles. Perfect for display, gifting, or building a stunning collection.","Premium 1:32 scale collectible car models crafted for enthusiasts and collectors. Designed with precision detailing, realistic proportions, and high-quality materials, these models capture the spirit of iconic automobiles. Perfect for display, gifting, or building a stunning collection."
167,24JJ252Mc-Y,1:24 McLaren P1 GTR,Collectables,1:24,2899,2457,18,95030090,3624,20,25,In Stock,4WD,35 KM/H,Electric Brushed Motor,Rechargeable Li-ion Battery Pack (Included),2.4 GHz Multi-Channel Transmitter,18 × 9 × 9 cm,0.2 kg,8+ Years,N/A,N/A,0,"Premium 1:24 scale collectible car models crafted for enthusiasts and collectors. Designed with precision detailing, realistic proportions, and high-quality materials, these models capture the spirit of iconic automobiles. Perfect for display, gifting, or building a stunning collection.","Premium 1:24 scale collectible car models crafted for enthusiasts and collectors. Designed with precision detailing, realistic proportions, and high-quality materials, these models capture the spirit of iconic automobiles. Perfect for display, gifting, or building a stunning collection."
168,24JJ251BM-B,1:24 Bugatti Mistral,Collectables,1:24,2899,2457,18,95030090,3624,20,25,In Stock,4WD,35 KM/H,Electric Brushed Motor,Rechargeable Li-ion Battery Pack (Included),2.4 GHz Multi-Channel Transmitter,18 × 9 × 0 cm,0.2 kg,8+ Years,N/A,N/A,0,"Premium 1:24 scale collectible car models crafted for enthusiasts and collectors. Designed with precision detailing, realistic proportions, and high-quality materials, these models capture the spirit of iconic automobiles. Perfect for display, gifting, or building a stunning collection.","Premium 1:24 scale collectible car models crafted for enthusiasts and collectors. Designed with precision detailing, realistic proportions, and high-quality materials, these models capture the spirit of iconic automobiles. Perfect for display, gifting, or building a stunning collection."
169,18JJ250BUGDI-B,1:18 Bugatti Divo,Collectables,1:18,4998,4236,18,95030090,6248,20,25,In Stock,4WD,35 KM/H,Electric Brushed Motor,Rechargeable Li-ion Battery Pack (Included),2.4 GHz Multi-Channel Transmitter,Standard Scale Package,Not specified,8+ Years,N/A,N/A,0,"Premium 1:18 scale collectible car models crafted for enthusiasts and collectors. Designed with precision detailing, realistic proportions, and high-quality materials, these models capture the spirit of iconic automobiles. Perfect for display, gifting, or building a stunning collection.","Premium 1:18 scale collectible car models crafted for enthusiasts and collectors. Designed with precision detailing, realistic proportions, and high-quality materials, these models capture the spirit of iconic automobiles. Perfect for display, gifting, or building a stunning collection."
170,BG1550-G,1:20 Scale 4WD RC Pickup Truck SUV Car Off Road with Shock Absorber Water Resistant 2.4GHz Remote Control for Outdoor Fun,Monster Trucks,1:20,6248,5295,18,95030090,7810,20,25,In Stock,4WD,35 KM/H,Electric Brushed Motor,Rechargeable Li-ion Battery Pack (Included),2.4 GHz Multi-Channel Transmitter,45 × 24 × 35 cm,2.4 kg,8+ Years,N/A,N/A,0,"The BG1550-G RC Car offers powerful performance with smooth and responsive remote control. Designed with a durable body and stable handling, it runs efficiently on various surfaces. Ideal for racing and fun outdoor driving, making it a great choice for both beginners and RC car hobby enthusiasts. 🚗","The BG1550-G RC Car offers powerful performance with smooth and responsive remote control. Designed with a durable body and stable handling, it runs efficiently on various surfaces. Ideal for racing and fun outdoor driving, making it a great choice for both beginners and RC car hobby enthusiasts. 🚗"
171,H204006-P,1:20 High Speed RC Trail Truck 50KM/H Waterproof 4WD Car Dual Differentials 7.4V Li-ion Battery for Extreme Racing,Monster Trucks,1:20,8123,6884,18,95030090,10154,20,25,In Stock,4WD,50KM/H,Electric Brushed Motor,Rechargeable Li-ion Battery Pack (Included),2.4 GHz Multi-Channel Transmitter,33 × 22 × 25 cm,2 kg,8+ Years,N/A,N/A,0,"The H204006-P RC Car delivers fast speed and precise remote control for an exciting driving experience. Built with a strong and durable body, it offers stable performance on different terrains. Perfect for racing and everyday RC fun, making it a great option for beginners and RC hobby enthusiasts. 🚗","The H204006-P RC Car delivers fast speed and precise remote control for an exciting driving experience. Built with a strong and durable body, it offers stable performance on different terrains. Perfect for racing and everyday RC fun, making it a great option for beginners and RC hobby enthusiasts. 🚗"
172,H184020-R,1:18 Electric Off-Road Climbing Vehicle 2.4GHz 4WD Rc Mountain Car with LED Lights Metal Material,Off Road Crawlers,1:18,6248,5295,18,95030090,7810,20,25,In Stock,4WD,35 KM/H,Electric Brushed Motor,Rechargeable Li-ion Battery Pack (Included),2.4 GHz Multi-Channel Transmitter,32 × 22 × 22 cm,2.6 kg,8+ Years,N/A,N/A,0,"The H184020-R RC Car delivers high-speed performance with smooth and responsive control. Equipped with a reliable 2.4GHz remote system, it ensures stable handling and long-range operation. Its durable body and strong tires make it perfect for racing, drifting, and exciting outdoor RC adventures. 🚗","The H184020-R RC Car delivers high-speed performance with smooth and responsive control. Equipped with a reliable 2.4GHz remote system, it ensures stable handling and long-range operation. Its durable body and strong tires make it perfect for racing, drifting, and exciting outdoor RC adventures. 🚗"
173,H104020-R,1:10 4WD Hobby Truck 4*4 Radio Control Rock Crawler Vehicle Toys Four Wheel Drive RTR 2.4G RC Big 4X4 Climbing Car,Off Road Crawlers,1:10,41248,34956,18,95030090,51560,20,25,In Stock,4WD,35 KM/H,Electric Brushed Motor,Rechargeable Li-ion Battery Pack (Included),2.4 GHz Multi-Channel Transmitter,60 × 28 × 30 cm,4.5 kg,8+ Years,N/A,N/A,0,"1:10 Scale Off-Road RC Car built for speed, power, and rugged terrain. Designed with high-grip tires and a durable suspension system, it easily handles dirt, gravel, and rough tracks. Experience thrilling performance, precise control, and long-lasting fun—perfect for both beginners and RC enthusiasts who love off-road adventures. 🚗💨","1:10 Scale Off-Road RC Car built for speed, power, and rugged terrain. Designed with high-grip tires and a durable suspension system, it easily handles dirt, gravel, and rough tracks. Experience thrilling performance, precise control, and long-lasting fun—perfect for both beginners and RC enthusiasts who love off-road adventures. 🚗💨"
174,H104026-R,1:10 Professional RC Car Off Road 4x4 2.4G 4WD Remote Control Cars 45 Minutes Working Time Climbing Car Adult Toy,Off Road Crawlers,1:10,41248,34956,18,95030090,51560,20,25,In Stock,4WD,35 KM/H,Electric Brushed Motor,Rechargeable Li-ion Battery Pack (Included),2.4 GHz Multi-Channel Transmitter,60 × 28 × 30 cm,4.5 kg,8+ Years,N/A,N/A,0,"1:10 Scale Off-Road RC Car built for speed, power, and rugged terrain. Designed with high-grip tires and a durable suspension system, it easily handles dirt, gravel, and rough tracks. Experience thrilling performance, precise control, and long-lasting fun—perfect for both beginners and RC enthusiasts who love off-road adventures. 🚗💨","1:10 Scale Off-Road RC Car built for speed, power, and rugged terrain. Designed with high-grip tires and a durable suspension system, it easily handles dirt, gravel, and rough tracks. Experience thrilling performance, precise control, and long-lasting fun—perfect for both beginners and RC enthusiasts who love off-road adventures. 🚗💨"
175,H22206-P,1:12 Scale 22206 4WD High-Speed Remote Control Racing Car,Drift Cars,1:12,3123,2647,18,95030090,3904,20,25,In Stock,4WD,35 KM/H,Electric Brushed Motor,Rechargeable Li-ion Battery Pack (Included),2.4 GHz Multi-Channel Transmitter,25 × 17 × 15 cm,1.4 kg,8+ Years,N/A,N/A,0,"The H22206-P RC Car offers powerful speed and responsive remote control for an exciting driving experience. Built with a durable body and stable handling, it performs well on various surfaces. Perfect for racing and outdoor RC adventures, making it an ideal choice for beginners and RC car enthusiasts. 🚗","The H22206-P RC Car offers powerful speed and responsive remote control for an exciting driving experience. Built with a durable body and stable handling, it performs well on various surfaces. Perfect for racing and outdoor RC adventures, making it an ideal choice for beginners and RC car enthusiasts. 🚗"
176,H6401-G,1:64 FPV Mini RC Car with Camera WiFi App Remote Control Adjustable Speed Multiplayer Fun,Drift Cars,1:64,6248,5295,18,95030090,7810,20,25,In Stock,4WD,35 KM/H,Electric Brushed Motor,Rechargeable Li-ion Battery Pack (Included),2.4 GHz Multi-Channel Transmitter,10 × 6 × 5 cm,0.08 kg,8+ Years,N/A,N/A,0,"Experience precision drifting with this 1:64 scale RC Drift Car, designed for smooth control and realistic performance. Its compact size delivers fast turns, stable drifting, and exciting racing action on flat surfaces. Perfect for collectors, beginners, and RC enthusiasts looking for a stylish mini drift car with responsive handling and fun indoor driving.","Experience precision drifting with this 1:64 scale RC Drift Car, designed for smooth control and realistic performance. Its compact size delivers fast turns, stable drifting, and exciting racing action on flat surfaces. Perfect for collectors, beginners, and RC enthusiasts looking for a stylish mini drift car with responsive handling and fun indoor driving."
177,H6401-Y,1:64 FPV Mini RC Car with Camera WiFi App Remote Control Adjustable Speed Multiplayer Fun,Drift Cars,1:64,6248,5295,18,95030090,7810,20,25,In Stock,4WD,35 KM/H,Electric Brushed Motor,Rechargeable Li-ion Battery Pack (Included),2.4 GHz Multi-Channel Transmitter,10 × 6 × 5 cm,0.08 kg,8+ Years,N/A,N/A,0,"Experience precision drifting with this 1:64 scale RC Drift Car, designed for smooth control and realistic performance. Its compact size delivers fast turns, stable drifting, and exciting racing action on flat surfaces. Perfect for collectors, beginners, and RC enthusiasts looking for a stylish mini drift car with responsive handling and fun indoor driving.","Experience precision drifting with this 1:64 scale RC Drift Car, designed for smooth control and realistic performance. Its compact size delivers fast turns, stable drifting, and exciting racing action on flat surfaces. Perfect for collectors, beginners, and RC enthusiasts looking for a stylish mini drift car with responsive handling and fun indoor driving."
178,HA5501B,1:64 Scale 2.4G Portable Mini RC 4CH Metal Mini Alloy Mini RC Remote Control Rc Drift Car,Racing Cars,1:64,2499,2118,18,95030090,3124,20,25,In Stock,4WD,35 KM/H,Electric Brushed Motor,Rechargeable Li-ion Battery Pack (Included),2.4 GHz Multi-Channel Transmitter,12 × 6 × 12 cm,0.18 kg,8+ Years,N/A,N/A,0,"Enjoy thrilling drifting with this 1:64 Scale 2.4G Portable Mini RC Drift Car featuring a durable metal alloy Mini RC body and 4-channel control for smooth handling. Its compact design makes it perfect for desk racing and indoor play, delivering realistic drift action, stable control, and fun driving for collectors and RC enthusiasts","Enjoy thrilling drifting with this 1:64 Scale 2.4G Portable Mini RC Drift Car featuring a durable metal alloy Mini RC body and 4-channel control for smooth handling. Its compact design makes it perfect for desk racing and indoor play, delivering realistic drift action, stable control, and fun driving for collectors and RC enthusiasts"
179,H104010-O,1:10 Professional RC Car Off Road 4x4 2.4G 4WD Remote Control Cars 45 Minutes Working Time Climbing Car Adult Toy,Off Road Crawlers,1:10,41248,34956,18,95030090,51560,20,25,In Stock,4WD,35 KM/H,Electric Brushed Motor,Rechargeable Li-ion Battery Pack (Included),2.4 GHz Multi-Channel Transmitter,60 × 28 × 30 cm,4.5 kg,8+ Years,N/A,N/A,0,"1:10 Scale Off-Road RC Car built for speed, power, and rugged terrain. Designed with high-grip tires and a durable suspension system, it easily handles dirt, gravel, and rough tracks. Experience thrilling performance, precise control, and long-lasting fun—perfect for both beginners and RC enthusiasts who love off-road adventures. 🚗💨","1:10 Scale Off-Road RC Car built for speed, power, and rugged terrain. Designed with high-grip tires and a durable suspension system, it easily handles dirt, gravel, and rough tracks. Experience thrilling performance, precise control, and long-lasting fun—perfect for both beginners and RC enthusiasts who love off-road adventures. 🚗💨"
180,2464610-R,1:24 Wranngler Rubicon 4xe,Collectables,1:24,1699,1440,18,95030090,2124,20,25,In Stock,4WD,35 KM/H,Electric Brushed Motor,Rechargeable Li-ion Battery Pack (Included),2.4 GHz Multi-Channel Transmitter,25 × 15 × 15 cm,1 kg,8+ Years,N/A,N/A,0,"Premium 1:24 scale collectible car models crafted for enthusiasts and collectors. Designed with precision detailing, realistic proportions, and high-quality materials, these models capture the spirit of iconic automobiles. Perfect for display, gifting, or building a stunning collection.","Premium 1:24 scale collectible car models crafted for enthusiasts and collectors. Designed with precision detailing, realistic proportions, and high-quality materials, these models capture the spirit of iconic automobiles. Perfect for display, gifting, or building a stunning collection."
181,2464610-B,1:24 Wranngler Rubicon 4xe,Collectables,1:24,1699,1440,18,95030090,2124,20,25,In Stock,4WD,35 KM/H,Electric Brushed Motor,Rechargeable Li-ion Battery Pack (Included),2.4 GHz Multi-Channel Transmitter,25 × 15 × 15 cm,1 kg,8+ Years,N/A,N/A,0,"Premium 1:24 scale collectible car models crafted for enthusiasts and collectors. Designed with precision detailing, realistic proportions, and high-quality materials, these models capture the spirit of iconic automobiles. Perfect for display, gifting, or building a stunning collection.","Premium 1:24 scale collectible car models crafted for enthusiasts and collectors. Designed with precision detailing, realistic proportions, and high-quality materials, these models capture the spirit of iconic automobiles. Perfect for display, gifting, or building a stunning collection."
182,2464610-BU,1:24 Wranngler Rubicon 4xe,Collectables,1:24,1699,1440,18,95030090,2124,20,25,In Stock,4WD,35 KM/H,Electric Brushed Motor,Rechargeable Li-ion Battery Pack (Included),2.4 GHz Multi-Channel Transmitter,25 × 15 × 15 cm,1 kg,8+ Years,N/A,N/A,0,"Premium 1:24 scale collectible car models crafted for enthusiasts and collectors. Designed with precision detailing, realistic proportions, and high-quality materials, these models capture the spirit of iconic automobiles. Perfect for display, gifting, or building a stunning collection.","Premium 1:24 scale collectible car models crafted for enthusiasts and collectors. Designed with precision detailing, realistic proportions, and high-quality materials, these models capture the spirit of iconic automobiles. Perfect for display, gifting, or building a stunning collection."
183,2456700-O,1:24 MCLAREN P1,Collectables,1:24,1699,1440,18,95030090,2124,20,25,In Stock,4WD,35 KM/H,Electric Brushed Motor,Rechargeable Li-ion Battery Pack (Included),2.4 GHz Multi-Channel Transmitter,25 × 15 × 15 cm,1 kg,8+ Years,N/A,N/A,0,"Premium 1:24 scale collectible car models crafted for enthusiasts and collectors. Designed with precision detailing, realistic proportions, and high-quality materials, these models capture the spirit of iconic automobiles. Perfect for display, gifting, or building a stunning collection.","Premium 1:24 scale collectible car models crafted for enthusiasts and collectors. Designed with precision detailing, realistic proportions, and high-quality materials, these models capture the spirit of iconic automobiles. Perfect for display, gifting, or building a stunning collection."
184,24562001-R,1:24 PORSCHE 911 CARRERA S,Collectables,1:24,1699,1440,18,95030090,2124,20,25,In Stock,4WD,35 KM/H,Electric Brushed Motor,Rechargeable Li-ion Battery Pack (Included),2.4 GHz Multi-Channel Transmitter,25 × 15 × 15 cm,1 kg,8+ Years,N/A,N/A,0,"Premium 1:24 scale collectible car models crafted for enthusiasts and collectors. Designed with precision detailing, realistic proportions, and high-quality materials, these models capture the spirit of iconic automobiles. Perfect for display, gifting, or building a stunning collection.","Premium 1:24 scale collectible car models crafted for enthusiasts and collectors. Designed with precision detailing, realistic proportions, and high-quality materials, these models capture the spirit of iconic automobiles. Perfect for display, gifting, or building a stunning collection."
185,2456100R8-W,1:24 Audi R8,Collectables,1:24,1699,1440,18,95030090,2124,20,25,In Stock,4WD,35 KM/H,Electric Brushed Motor,Rechargeable Li-ion Battery Pack (Included),2.4 GHz Multi-Channel Transmitter,25 × 15 × 15 cm,1 kg,8+ Years,N/A,N/A,0,"Premium 1:24 scale collectible car models crafted for enthusiasts and collectors. Designed with precision detailing, realistic proportions, and high-quality materials, these models capture the spirit of iconic automobiles. Perfect for display, gifting, or building a stunning collection.","Premium 1:24 scale collectible car models crafted for enthusiasts and collectors. Designed with precision detailing, realistic proportions, and high-quality materials, these models capture the spirit of iconic automobiles. Perfect for display, gifting, or building a stunning collection."
186,2456100R8-S,1:24 Audi R8,Collectables,1:24,1699,1440,18,95030090,2124,20,25,In Stock,4WD,35 KM/H,Electric Brushed Motor,Rechargeable Li-ion Battery Pack (Included),2.4 GHz Multi-Channel Transmitter,25 × 15 × 15 cm,1 kg,8+ Years,N/A,N/A,0,"Premium 1:24 scale collectible car models crafted for enthusiasts and collectors. Designed with precision detailing, realistic proportions, and high-quality materials, these models capture the spirit of iconic automobiles. Perfect for display, gifting, or building a stunning collection.","Premium 1:24 scale collectible car models crafted for enthusiasts and collectors. Designed with precision detailing, realistic proportions, and high-quality materials, these models capture the spirit of iconic automobiles. Perfect for display, gifting, or building a stunning collection."
187,2456400-R,1:24 MINI COUNTRYMAN,Collectables,1:24,1699,1440,18,95030090,2124,20,25,In Stock,4WD,35 KM/H,Electric Brushed Motor,Rechargeable Li-ion Battery Pack (Included),2.4 GHz Multi-Channel Transmitter,25 × 15 × 15 cm,1 kg,8+ Years,N/A,N/A,0,"Premium 1:24 scale collectible car models crafted for enthusiasts and collectors. Designed with precision detailing, realistic proportions, and high-quality materials, these models capture the spirit of iconic automobiles. Perfect for display, gifting, or building a stunning collection.","Premium 1:24 scale collectible car models crafted for enthusiasts and collectors. Designed with precision detailing, realistic proportions, and high-quality materials, these models capture the spirit of iconic automobiles. Perfect for display, gifting, or building a stunning collection."
188,2456400-Blue,1:24 MINI COUNTRYMAN,Collectables,1:24,1699,1440,18,95030090,2124,20,25,In Stock,4WD,35 KM/H,Electric Brushed Motor,Rechargeable Li-ion Battery Pack (Included),2.4 GHz Multi-Channel Transmitter,25 × 15 × 15 cm,1 kg,8+ Years,N/A,N/A,0,"Premium 1:24 scale collectible car models crafted for enthusiasts and collectors. Designed with precision detailing, realistic proportions, and high-quality materials, these models capture the spirit of iconic automobiles. Perfect for display, gifting, or building a stunning collection.","Premium 1:24 scale collectible car models crafted for enthusiasts and collectors. Designed with precision detailing, realistic proportions, and high-quality materials, these models capture the spirit of iconic automobiles. Perfect for display, gifting, or building a stunning collection."
189,2456300-W,1:24 Range Rover,Collectables,1:24,1699,1440,18,95030090,2124,20,25,In Stock,4WD,35 KM/H,Electric Brushed Motor,Rechargeable Li-ion Battery Pack (Included),2.4 GHz Multi-Channel Transmitter,25 × 15 × 15 cm,1 kg,8+ Years,N/A,N/A,0,"Premium 1:24 scale collectible car models crafted for enthusiasts and collectors. Designed with precision detailing, realistic proportions, and high-quality materials, these models capture the spirit of iconic automobiles. Perfect for display, gifting, or building a stunning collection.","Premium 1:24 scale collectible car models crafted for enthusiasts and collectors. Designed with precision detailing, realistic proportions, and high-quality materials, these models capture the spirit of iconic automobiles. Perfect for display, gifting, or building a stunning collection."
190,2456300-B,1:24 Range Rover,Collectables,1:24,1699,1440,18,95030090,2124,20,25,In Stock,4WD,35 KM/H,Electric Brushed Motor,Rechargeable Li-ion Battery Pack (Included),2.4 GHz Multi-Channel Transmitter,25 × 15 × 15 cm,1 kg,8+ Years,N/A,N/A,0,"Premium 1:24 scale collectible car models crafted for enthusiasts and collectors. Designed with precision detailing, realistic proportions, and high-quality materials, these models capture the spirit of iconic automobiles. Perfect for display, gifting, or building a stunning collection.","Premium 1:24 scale collectible car models crafted for enthusiasts and collectors. Designed with precision detailing, realistic proportions, and high-quality materials, these models capture the spirit of iconic automobiles. Perfect for display, gifting, or building a stunning collection."
191,2456300-R,1:24 Range Rover,Collectables,1:24,1699,1440,18,95030090,2124,20,25,In Stock,4WD,35 KM/H,Electric Brushed Motor,Rechargeable Li-ion Battery Pack (Included),2.4 GHz Multi-Channel Transmitter,25 × 15 × 15 cm,1 kg,8+ Years,N/A,N/A,0,"Premium 1:24 scale collectible car models crafted for enthusiasts and collectors. Designed with precision detailing, realistic proportions, and high-quality materials, these models capture the spirit of iconic automobiles. Perfect for display, gifting, or building a stunning collection.","Premium 1:24 scale collectible car models crafted for enthusiasts and collectors. Designed with precision detailing, realistic proportions, and high-quality materials, these models capture the spirit of iconic automobiles. Perfect for display, gifting, or building a stunning collection."
192,2439300-O,1:24 Lamborghini Murcielago LP670-4,Collectables,1:24,1699,1440,18,95030090,2124,20,25,In Stock,4WD,35 KM/H,Electric Brushed Motor,Rechargeable Li-ion Battery Pack (Included),2.4 GHz Multi-Channel Transmitter,25 × 15 × 15 cm,1 kg,8+ Years,N/A,N/A,0,"Premium 1:24 scale collectible car models crafted for enthusiasts and collectors. Designed with precision detailing, realistic proportions, and high-quality materials, these models capture the spirit of iconic automobiles. Perfect for display, gifting, or building a stunning collection.","Premium 1:24 scale collectible car models crafted for enthusiasts and collectors. Designed with precision detailing, realistic proportions, and high-quality materials, these models capture the spirit of iconic automobiles. Perfect for display, gifting, or building a stunning collection."
193,2439300-Y,1:24 Lamborghini Murcielago LP670-4,Collectables,1:24,1699,1440,18,95030090,2124,20,25,In Stock,4WD,35 KM/H,Electric Brushed Motor,Rechargeable Li-ion Battery Pack (Included),2.4 GHz Multi-Channel Transmitter,25 × 15 × 15 cm,1 kg,8+ Years,N/A,N/A,0,"Premium 1:24 scale collectible car models crafted for enthusiasts and collectors. Designed with precision detailing, realistic proportions, and high-quality materials, these models capture the spirit of iconic automobiles. Perfect for display, gifting, or building a stunning collection.","Premium 1:24 scale collectible car models crafted for enthusiasts and collectors. Designed with precision detailing, realistic proportions, and high-quality materials, these models capture the spirit of iconic automobiles. Perfect for display, gifting, or building a stunning collection."
194,32RMZMc-O,1:32 RMZ-1-Mclaren 600LT,Collectables,1:32,1699,1440,18,95030090,2124,20,25,In Stock,4WD,35 KM/H,Electric Brushed Motor,Rechargeable Li-ion Battery Pack (Included),2.4 GHz Multi-Channel Transmitter,25 × 15 × 15 cm,0.6 kg,8+ Years,N/A,N/A,0,"Premium 1:32 scale collectible car models crafted for enthusiasts and collectors. Designed with precision detailing, realistic proportions, and high-quality materials, these models capture the spirit of iconic automobiles. Perfect for display, gifting, or building a stunning collection.","Premium 1:32 scale collectible car models crafted for enthusiasts and collectors. Designed with precision detailing, realistic proportions, and high-quality materials, these models capture the spirit of iconic automobiles. Perfect for display, gifting, or building a stunning collection."
195,32RMZMc-B,1:32 RMZ-1-Mclaren 600LT,Collectables,1:32,1699,1440,18,95030090,2124,20,25,In Stock,4WD,35 KM/H,Electric Brushed Motor,Rechargeable Li-ion Battery Pack (Included),2.4 GHz Multi-Channel Transmitter,25 × 15 × 15 cm,0.6 kg,8+ Years,N/A,N/A,0,"Premium 1:32 scale collectible car models crafted for enthusiasts and collectors. Designed with precision detailing, realistic proportions, and high-quality materials, these models capture the spirit of iconic automobiles. Perfect for display, gifting, or building a stunning collection.","Premium 1:32 scale collectible car models crafted for enthusiasts and collectors. Designed with precision detailing, realistic proportions, and high-quality materials, these models capture the spirit of iconic automobiles. Perfect for display, gifting, or building a stunning collection."
196,32RMZMc-G,1:32 RMZ-1-Mclaren 600LT,Collectables,1:32,1699,1440,18,95030090,2124,20,25,In Stock,4WD,35 KM/H,Electric Brushed Motor,Rechargeable Li-ion Battery Pack (Included),2.4 GHz Multi-Channel Transmitter,25 × 15 × 15 cm,0.6 kg,8+ Years,N/A,N/A,0,"Premium 1:32 scale collectible car models crafted for enthusiasts and collectors. Designed with precision detailing, realistic proportions, and high-quality materials, these models capture the spirit of iconic automobiles. Perfect for display, gifting, or building a stunning collection.","Premium 1:32 scale collectible car models crafted for enthusiasts and collectors. Designed with precision detailing, realistic proportions, and high-quality materials, these models capture the spirit of iconic automobiles. Perfect for display, gifting, or building a stunning collection."
197,32RMZNI-R,1:32 RMZ-2-Nissan GTR NISMO(R35),Collectables,1:32,1699,1440,18,95030090,2124,20,25,In Stock,4WD,35 KM/H,Electric Brushed Motor,Rechargeable Li-ion Battery Pack (Included),2.4 GHz Multi-Channel Transmitter,25 × 15 × 15 cm,0.6 kg,8+ Years,N/A,N/A,0,"Premium 1:32 scale collectible car models crafted for enthusiasts and collectors. Designed with precision detailing, realistic proportions, and high-quality materials, these models capture the spirit of iconic automobiles. Perfect for display, gifting, or building a stunning collection.","Premium 1:32 scale collectible car models crafted for enthusiasts and collectors. Designed with precision detailing, realistic proportions, and high-quality materials, these models capture the spirit of iconic automobiles. Perfect for display, gifting, or building a stunning collection."
198,32RMZNI-B,1:32 RMZ-2-Nissan GTR NISMO(R35),Collectables,1:32,1699,1440,18,95030090,2124,20,25,In Stock,4WD,35 KM/H,Electric Brushed Motor,Rechargeable Li-ion Battery Pack (Included),2.4 GHz Multi-Channel Transmitter,25 × 15 × 15 cm,0.6 kg,8+ Years,N/A,N/A,0,"Premium 1:32 scale collectible car models crafted for enthusiasts and collectors. Designed with precision detailing, realistic proportions, and high-quality materials, these models capture the spirit of iconic automobiles. Perfect for display, gifting, or building a stunning collection.","Premium 1:32 scale collectible car models crafted for enthusiasts and collectors. Designed with precision detailing, realistic proportions, and high-quality materials, these models capture the spirit of iconic automobiles. Perfect for display, gifting, or building a stunning collection."
199,32RMZLAM-Y,1:32 RMZ-3-Lamborghini Revuel 2024,Collectables,1:32,1699,1440,18,95030090,2124,20,25,In Stock,4WD,35 KM/H,Electric Brushed Motor,Rechargeable Li-ion Battery Pack (Included),2.4 GHz Multi-Channel Transmitter,25 × 15 × 15 cm,0.6 kg,8+ Years,N/A,N/A,0,"Premium 1:32 scale collectible car models crafted for enthusiasts and collectors. Designed with precision detailing, realistic proportions, and high-quality materials, these models capture the spirit of iconic automobiles. Perfect for display, gifting, or building a stunning collection.","Premium 1:32 scale collectible car models crafted for enthusiasts and collectors. Designed with precision detailing, realistic proportions, and high-quality materials, these models capture the spirit of iconic automobiles. Perfect for display, gifting, or building a stunning collection."
200,32RMZLAM-G,1:32 RMZ-3-Lamborghini Revuel 2024,Collectables,1:32,1699,1440,18,95030090,2124,20,25,In Stock,4WD,35 KM/H,Electric Brushed Motor,Rechargeable Li-ion Battery Pack (Included),2.4 GHz Multi-Channel Transmitter,25 × 15 × 15 cm,0.6 kg,8+ Years,N/A,N/A,0,"Premium 1:32 scale collectible car models crafted for enthusiasts and collectors. Designed with precision detailing, realistic proportions, and high-quality materials, these models capture the spirit of iconic automobiles. Perfect for display, gifting, or building a stunning collection.","Premium 1:32 scale collectible car models crafted for enthusiasts and collectors. Designed with precision detailing, realistic proportions, and high-quality materials, these models capture the spirit of iconic automobiles. Perfect for display, gifting, or building a stunning collection."
201,32RMZLAM-R,1:32 RMZ-Lamborghini Sian SKP 37,Collectables,1:32,1699,1440,18,95030090,2124,20,25,In Stock,4WD,35 KM/H,Electric Brushed Motor,Rechargeable Li-ion Battery Pack (Included),2.4 GHz Multi-Channel Transmitter,25 × 15 × 15 cm,0.6 kg,8+ Years,N/A,N/A,0,"Premium 1:32 scale collectible car models crafted for enthusiasts and collectors. Designed with precision detailing, realistic proportions, and high-quality materials, these models capture the spirit of iconic automobiles. Perfect for display, gifting, or building a stunning collection.","Premium 1:32 scale collectible car models crafted for enthusiasts and collectors. Designed with precision detailing, realistic proportions, and high-quality materials, these models capture the spirit of iconic automobiles. Perfect for display, gifting, or building a stunning collection."
202,32RMZLAM-B,1:32 RMZ-Lamborghini Sian SKP 37,Collectables,1:32,1699,1440,18,95030090,2124,20,25,In Stock,4WD,35 KM/H,Electric Brushed Motor,Rechargeable Li-ion Battery Pack (Included),2.4 GHz Multi-Channel Transmitter,25 × 15 × 15 cm,0.6 kg,8+ Years,N/A,N/A,0,"Premium 1:32 scale collectible car models crafted for enthusiasts and collectors. Designed with precision detailing, realistic proportions, and high-quality materials, these models capture the spirit of iconic automobiles. Perfect for display, gifting, or building a stunning collection.","Premium 1:32 scale collectible car models crafted for enthusiasts and collectors. Designed with precision detailing, realistic proportions, and high-quality materials, these models capture the spirit of iconic automobiles. Perfect for display, gifting, or building a stunning collection."
203,32RMZLAM-O,1:32 RMZ-Lamborghini Sian SKP 37,Collectables,1:32,1699,1440,18,95030090,2124,20,25,In Stock,4WD,35 KM/H,Electric Brushed Motor,Rechargeable Li-ion Battery Pack (Included),2.4 GHz Multi-Channel Transmitter,25 × 15 × 15 cm,0.6 kg,8+ Years,N/A,N/A,0,"Premium 1:32 scale collectible car models crafted for enthusiasts and collectors. Designed with precision detailing, realistic proportions, and high-quality materials, these models capture the spirit of iconic automobiles. Perfect for display, gifting, or building a stunning collection.","Premium 1:32 scale collectible car models crafted for enthusiasts and collectors. Designed with precision detailing, realistic proportions, and high-quality materials, these models capture the spirit of iconic automobiles. Perfect for display, gifting, or building a stunning collection."
204,32RMZPA-B,1:32 RMZ-Pagani Huayra R,Collectables,1:32,1699,1440,18,95030090,2124,20,25,In Stock,4WD,35 KM/H,Electric Brushed Motor,Rechargeable Li-ion Battery Pack (Included),2.4 GHz Multi-Channel Transmitter,25 × 15 × 15 cm,0.6 kg,8+ Years,N/A,N/A,0,"Premium 1:32 scale collectible car models crafted for enthusiasts and collectors. Designed with precision detailing, realistic proportions, and high-quality materials, these models capture the spirit of iconic automobiles. Perfect for display, gifting, or building a stunning collection.","Premium 1:32 scale collectible car models crafted for enthusiasts and collectors. Designed with precision detailing, realistic proportions, and high-quality materials, these models capture the spirit of iconic automobiles. Perfect for display, gifting, or building a stunning collection."
205,32RMZPA-Blue,1:32 RMZ-Pagani Zhonda R,Collectables,1:32,1699,1440,18,95030090,2124,20,25,In Stock,4WD,35 KM/H,Electric Brushed Motor,Rechargeable Li-ion Battery Pack (Included),2.4 GHz Multi-Channel Transmitter,25 × 15 × 15 cm,0.6 kg,8+ Years,N/A,N/A,0,"Premium 1:32 scale collectible car models crafted for enthusiasts and collectors. Designed with precision detailing, realistic proportions, and high-quality materials, these models capture the spirit of iconic automobiles. Perfect for display, gifting, or building a stunning collection.","Premium 1:32 scale collectible car models crafted for enthusiasts and collectors. Designed with precision detailing, realistic proportions, and high-quality materials, these models capture the spirit of iconic automobiles. Perfect for display, gifting, or building a stunning collection."
206,32RMZPA-W,1:32 RMZ-Pagani Zhonda R,Collectables,1:32,1699,1440,18,95030090,2124,20,25,In Stock,4WD,35 KM/H,Electric Brushed Motor,Rechargeable Li-ion Battery Pack (Included),2.4 GHz Multi-Channel Transmitter,25 × 15 × 15 cm,0.6 kg,8+ Years,N/A,N/A,0,"Premium 1:32 scale collectible car models crafted for enthusiasts and collectors. Designed with precision detailing, realistic proportions, and high-quality materials, these models capture the spirit of iconic automobiles. Perfect for display, gifting, or building a stunning collection.","Premium 1:32 scale collectible car models crafted for enthusiasts and collectors. Designed with precision detailing, realistic proportions, and high-quality materials, these models capture the spirit of iconic automobiles. Perfect for display, gifting, or building a stunning collection."
207,32RMZTO-O,1:32 RMZ-Toyota Supra 2020,Collectables,1:32,1699,1440,18,95030090,2124,20,25,In Stock,4WD,35 KM/H,Electric Brushed Motor,Rechargeable Li-ion Battery Pack (Included),2.4 GHz Multi-Channel Transmitter,25 × 15 × 15 cm,0.6 kg,8+ Years,N/A,N/A,0,"Premium 1:32 scale collectible car models crafted for enthusiasts and collectors. Designed with precision detailing, realistic proportions, and high-quality materials, these models capture the spirit of iconic automobiles. Perfect for display, gifting, or building a stunning collection.","Premium 1:32 scale collectible car models crafted for enthusiasts and collectors. Designed with precision detailing, realistic proportions, and high-quality materials, these models capture the spirit of iconic automobiles. Perfect for display, gifting, or building a stunning collection."
208,32RMZMA-Y,1:32 RMZ-Maserati MC20,Collectables,1:32,1699,1440,18,95030090,2124,20,25,In Stock,4WD,35 KM/H,Electric Brushed Motor,Rechargeable Li-ion Battery Pack (Included),2.4 GHz Multi-Channel Transmitter,25 × 15 × 15 cm,0.6 kg,8+ Years,N/A,N/A,0,"Premium 1:32 scale collectible car models crafted for enthusiasts and collectors. Designed with precision detailing, realistic proportions, and high-quality materials, these models capture the spirit of iconic automobiles. Perfect for display, gifting, or building a stunning collection.","Premium 1:32 scale collectible car models crafted for enthusiasts and collectors. Designed with precision detailing, realistic proportions, and high-quality materials, these models capture the spirit of iconic automobiles. Perfect for display, gifting, or building a stunning collection."
209,32RMZMA-B,1:32 RMZ-Maserati MC20,Collectables,1:32,1699,1440,18,95030090,2124,20,25,In Stock,4WD,35 KM/H,Electric Brushed Motor,Rechargeable Li-ion Battery Pack (Included),2.4 GHz Multi-Channel Transmitter,25 × 15 × 15 cm,0.6 kg,8+ Years,N/A,N/A,0,"Premium 1:32 scale collectible car models crafted for enthusiasts and collectors. Designed with precision detailing, realistic proportions, and high-quality materials, these models capture the spirit of iconic automobiles. Perfect for display, gifting, or building a stunning collection.","Premium 1:32 scale collectible car models crafted for enthusiasts and collectors. Designed with precision detailing, realistic proportions, and high-quality materials, these models capture the spirit of iconic automobiles. Perfect for display, gifting, or building a stunning collection."
210,24WPO918-Y,1:24 Porsche 918 Spider,Collectables,1:24,2999,2542,18,95030090,3749,20,25,In Stock,4WD,35 KM/H,Electric Brushed Motor,Rechargeable Li-ion Battery Pack (Included),2.4 GHz Multi-Channel Transmitter,23 × 11 × 10 cm,0.9 kg,8+ Years,N/A,N/A,0,"Premium 1:24 scale collectible car models crafted for enthusiasts and collectors. Designed with precision detailing, realistic proportions, and high-quality materials, these models capture the spirit of iconic automobiles. Perfect for display, gifting, or building a stunning collection.","Premium 1:24 scale collectible car models crafted for enthusiasts and collectors. Designed with precision detailing, realistic proportions, and high-quality materials, these models capture the spirit of iconic automobiles. Perfect for display, gifting, or building a stunning collection."
211,24WLR20-W,1:24 Land rover Defender 2020,Collectables,1:24,2999,2542,18,95030090,3749,20,25,In Stock,4WD,35 KM/H,Electric Brushed Motor,Rechargeable Li-ion Battery Pack (Included),2.4 GHz Multi-Channel Transmitter,23 × 10 × 11 cm,0.9 kg,8+ Years,N/A,N/A,0,"Premium 1:24 scale collectible car models crafted for enthusiasts and collectors. Designed with precision detailing, realistic proportions, and high-quality materials, these models capture the spirit of iconic automobiles. Perfect for display, gifting, or building a stunning collection.","Premium 1:24 scale collectible car models crafted for enthusiasts and collectors. Designed with precision detailing, realistic proportions, and high-quality materials, these models capture the spirit of iconic automobiles. Perfect for display, gifting, or building a stunning collection."
212,24WMC1300-Y,1:24 Mini Cooper 1300(With Surfboard),Collectables,1:24,1999,1694,18,95030090,2499,20,25,In Stock,4WD,35 KM/H,Electric Brushed Motor,Rechargeable Li-ion Battery Pack (Included),2.4 GHz Multi-Channel Transmitter,23 × 10 × 11 cm,0.9 kg,8+ Years,N/A,N/A,0,"Premium 1:24 scale collectible car models crafted for enthusiasts and collectors. Designed with precision detailing, realistic proportions, and high-quality materials, these models capture the spirit of iconic automobiles. Perfect for display, gifting, or building a stunning collection.","Premium 1:24 scale collectible car models crafted for enthusiasts and collectors. Designed with precision detailing, realistic proportions, and high-quality materials, these models capture the spirit of iconic automobiles. Perfect for display, gifting, or building a stunning collection."
213,24WJG20-R,1:24 Jeep Gladiator 2020,Collectables,1:24,2999,2542,18,95030090,3749,20,25,In Stock,4WD,35 KM/H,Electric Brushed Motor,Rechargeable Li-ion Battery Pack (Included),2.4 GHz Multi-Channel Transmitter,23 × 11 × 10 cm,0.9 kg,8+ Years,N/A,N/A,0,"Premium 1:24 scale collectible car models crafted for enthusiasts and collectors. Designed with precision detailing, realistic proportions, and high-quality materials, these models capture the spirit of iconic automobiles. Perfect for display, gifting, or building a stunning collection.","Premium 1:24 scale collectible car models crafted for enthusiasts and collectors. Designed with precision detailing, realistic proportions, and high-quality materials, these models capture the spirit of iconic automobiles. Perfect for display, gifting, or building a stunning collection."
214,24WMc675-O,1:24 Mclaren 675LT COUPE,Collectables,1:24,1999,1694,18,95030090,2499,20,25,In Stock,4WD,35 KM/H,Electric Brushed Motor,Rechargeable Li-ion Battery Pack (Included),2.4 GHz Multi-Channel Transmitter,23 × 11 × 10 cm,0.9 kg,8+ Years,N/A,N/A,0,"Premium 1:24 scale collectible car models crafted for enthusiasts and collectors. Designed with precision detailing, realistic proportions, and high-quality materials, these models capture the spirit of iconic automobiles. Perfect for display, gifting, or building a stunning collection.","Premium 1:24 scale collectible car models crafted for enthusiasts and collectors. Designed with precision detailing, realistic proportions, and high-quality materials, these models capture the spirit of iconic automobiles. Perfect for display, gifting, or building a stunning collection."
215,24WMc675-W,1:24 Mclaren 675LT COUPE,Collectables,1:24,1999,1694,18,95030090,2499,20,25,In Stock,4WD,35 KM/H,Electric Brushed Motor,Rechargeable Li-ion Battery Pack (Included),2.4 GHz Multi-Channel Transmitter,18 × 9 × 9 cm,0.2 kg,8+ Years,N/A,N/A,0,"Premium 1:24 scale collectible car models crafted for enthusiasts and collectors. Designed with precision detailing, realistic proportions, and high-quality materials, these models capture the spirit of iconic automobiles. Perfect for display, gifting, or building a stunning collection.","Premium 1:24 scale collectible car models crafted for enthusiasts and collectors. Designed with precision detailing, realistic proportions, and high-quality materials, these models capture the spirit of iconic automobiles. Perfect for display, gifting, or building a stunning collection."
216,24WBUC-B,1:24 Bugatti Chiron,Collectables,1:24,2999,2542,18,95030090,3749,20,25,In Stock,4WD,35 KM/H,Electric Brushed Motor,Rechargeable Li-ion Battery Pack (Included),2.4 GHz Multi-Channel Transmitter,23 × 11 × 10 cm,0.9 kg,8+ Years,N/A,N/A,0,"Premium 1:24 scale collectible car models crafted for enthusiasts and collectors. Designed with precision detailing, realistic proportions, and high-quality materials, these models capture the spirit of iconic automobiles. Perfect for display, gifting, or building a stunning collection.","Premium 1:24 scale collectible car models crafted for enthusiasts and collectors. Designed with precision detailing, realistic proportions, and high-quality materials, these models capture the spirit of iconic automobiles. Perfect for display, gifting, or building a stunning collection."
217,24WDOCS-MB,1:24 Dodge Challenger  SRT Matt,Collectables,1:24,2999,2542,18,95030090,3749,20,25,In Stock,4WD,35 KM/H,Electric Brushed Motor,Rechargeable Li-ion Battery Pack (Included),2.4 GHz Multi-Channel Transmitter,23 × 11 × 10 cm,0.9 kg,8+ Years,N/A,N/A,0,"Premium 1:24 scale collectible car models crafted for enthusiasts and collectors. Designed with precision detailing, realistic proportions, and high-quality materials, these models capture the spirit of iconic automobiles. Perfect for display, gifting, or building a stunning collection.","Premium 1:24 scale collectible car models crafted for enthusiasts and collectors. Designed with precision detailing, realistic proportions, and high-quality materials, these models capture the spirit of iconic automobiles. Perfect for display, gifting, or building a stunning collection."
218,24WPMT-W,1:24 Porsche Macan Turbo,Collectables,1:24,2999,2542,18,95030090,3749,20,25,In Stock,4WD,35 KM/H,Electric Brushed Motor,Rechargeable Li-ion Battery Pack (Included),2.4 GHz Multi-Channel Transmitter,23 × 11 × 10 cm,0.9 kg,8+ Years,N/A,N/A,0,"Premium 1:24 scale collectible car models crafted for enthusiasts and collectors. Designed with precision detailing, realistic proportions, and high-quality materials, these models capture the spirit of iconic automobiles. Perfect for display, gifting, or building a stunning collection.","Premium 1:24 scale collectible car models crafted for enthusiasts and collectors. Designed with precision detailing, realistic proportions, and high-quality materials, these models capture the spirit of iconic automobiles. Perfect for display, gifting, or building a stunning collection."
219,24WFMGT-B,1:24 Ford Mustang GT,Collectables,1:24,2999,2542,18,95030090,3749,20,25,In Stock,4WD,35 KM/H,Electric Brushed Motor,Rechargeable Li-ion Battery Pack (Included),2.4 GHz Multi-Channel Transmitter,23 × 11 × 10 cm,0.9 kg,8+ Years,N/A,N/A,0,"Premium 1:24 scale collectible car models crafted for enthusiasts and collectors. Designed with precision detailing, realistic proportions, and high-quality materials, these models capture the spirit of iconic automobiles. Perfect for display, gifting, or building a stunning collection.","Premium 1:24 scale collectible car models crafted for enthusiasts and collectors. Designed with precision detailing, realistic proportions, and high-quality materials, these models capture the spirit of iconic automobiles. Perfect for display, gifting, or building a stunning collection."
220,24WPTTURBO-W,1:24 Porsche Taycan Turbo S,Collectables,1:24,2999,2542,18,95030090,3749,20,25,In Stock,4WD,35 KM/H,Electric Brushed Motor,Rechargeable Li-ion Battery Pack (Included),2.4 GHz Multi-Channel Transmitter,23 × 11 × 10 cm,0.9 kg,8+ Years,N/A,N/A,0,"Premium 1:24 scale collectible car models crafted for enthusiasts and collectors. Designed with precision detailing, realistic proportions, and high-quality materials, these models capture the spirit of iconic automobiles. Perfect for display, gifting, or building a stunning collection.","Premium 1:24 scale collectible car models crafted for enthusiasts and collectors. Designed with precision detailing, realistic proportions, and high-quality materials, these models capture the spirit of iconic automobiles. Perfect for display, gifting, or building a stunning collection."
221,24WMAGTR-R,1:24 Mercedes-AMG GT R,Collectables,1:24,2999,2542,18,95030090,3749,20,25,In Stock,4WD,35 KM/H,Electric Brushed Motor,Rechargeable Li-ion Battery Pack (Included),2.4 GHz Multi-Channel Transmitter,23 × 11 × 10 cm,0.9 kg,8+ Years,N/A,N/A,0,"Premium 1:24 scale collectible car models crafted for enthusiasts and collectors. Designed with precision detailing, realistic proportions, and high-quality materials, these models capture the spirit of iconic automobiles. Perfect for display, gifting, or building a stunning collection.","Premium 1:24 scale collectible car models crafted for enthusiasts and collectors. Designed with precision detailing, realistic proportions, and high-quality materials, these models capture the spirit of iconic automobiles. Perfect for display, gifting, or building a stunning collection."
222,24WMBG-B,1:24 Mercedes Benz G-class,Collectables,1:24,2999,2542,18,95030090,3749,20,25,In Stock,4WD,35 KM/H,Electric Brushed Motor,Rechargeable Li-ion Battery Pack (Included),2.4 GHz Multi-Channel Transmitter,23 × 11 × 10 cm,0.9 kg,8+ Years,N/A,N/A,0,"Premium 1:24 scale collectible car models crafted for enthusiasts and collectors. Designed with precision detailing, realistic proportions, and high-quality materials, these models capture the spirit of iconic automobiles. Perfect for display, gifting, or building a stunning collection.","Premium 1:24 scale collectible car models crafted for enthusiasts and collectors. Designed with precision detailing, realistic proportions, and high-quality materials, these models capture the spirit of iconic automobiles. Perfect for display, gifting, or building a stunning collection."
223,24WVBEE-B,1:24 Volkswagen Beetle,Collectables,1:24,2999,2542,18,95030090,3749,20,25,In Stock,4WD,35 KM/H,Electric Brushed Motor,Rechargeable Li-ion Battery Pack (Included),2.4 GHz Multi-Channel Transmitter,23 × 11 × 10 cm,0.9 kg,8+ Years,N/A,N/A,0,"Premium 1:24 scale collectible car models crafted for enthusiasts and collectors. Designed with precision detailing, realistic proportions, and high-quality materials, these models capture the spirit of iconic automobiles. Perfect for display, gifting, or building a stunning collection.","Premium 1:24 scale collectible car models crafted for enthusiasts and collectors. Designed with precision detailing, realistic proportions, and high-quality materials, these models capture the spirit of iconic automobiles. Perfect for display, gifting, or building a stunning collection."
224,24WLREVOQ-W,1:24 LAND ROVER Evoque,Collectables,1:24,2999,2542,18,95030090,3749,20,25,In Stock,4WD,35 KM/H,Electric Brushed Motor,Rechargeable Li-ion Battery Pack (Included),2.4 GHz Multi-Channel Transmitter,23 × 11 × 10 cm,0.9 kg,8+ Years,N/A,N/A,0,"Premium 1:24 scale collectible car models crafted for enthusiasts and collectors. Designed with precision detailing, realistic proportions, and high-quality materials, these models capture the spirit of iconic automobiles. Perfect for display, gifting, or building a stunning collection.","Premium 1:24 scale collectible car models crafted for enthusiasts and collectors. Designed with precision detailing, realistic proportions, and high-quality materials, these models capture the spirit of iconic automobiles. Perfect for display, gifting, or building a stunning collection."
225,24WPO911T-W,1:24 Porsche 911 Turbo,Collectables,1:24,2999,2542,18,95030090,3749,20,25,In Stock,4WD,35 KM/H,Electric Brushed Motor,Rechargeable Li-ion Battery Pack (Included),2.4 GHz Multi-Channel Transmitter,23 × 11 × 10 cm,0.9 kg,8+ Years,N/A,N/A,0,"Premium 1:24 scale collectible car models crafted for enthusiasts and collectors. Designed with precision detailing, realistic proportions, and high-quality materials, these models capture the spirit of iconic automobiles. Perfect for display, gifting, or building a stunning collection.","Premium 1:24 scale collectible car models crafted for enthusiasts and collectors. Designed with precision detailing, realistic proportions, and high-quality materials, these models capture the spirit of iconic automobiles. Perfect for display, gifting, or building a stunning collection."
226,32JJ78LAM-R,1:32 DC Lamborghini,Collectables,1:32,1799,1525,18,95030090,2249,20,25,In Stock,4WD,35 KM/H,Electric Brushed Motor,Rechargeable Li-ion Battery Pack (Included),2.4 GHz Multi-Channel Transmitter,18 × 9 × 9 cm,0.2 kg,8+ Years,N/A,N/A,0,"Premium 1:32 scale collectible car models crafted for enthusiasts and collectors. Designed with precision detailing, realistic proportions, and high-quality materials, these models capture the spirit of iconic automobiles. Perfect for display, gifting, or building a stunning collection.","Premium 1:32 scale collectible car models crafted for enthusiasts and collectors. Designed with precision detailing, realistic proportions, and high-quality materials, these models capture the spirit of iconic automobiles. Perfect for display, gifting, or building a stunning collection."
227,32JJ78LAM-AG,1:32 DC Lamborghini,Collectables,1:32,1799,1525,18,95030090,2249,20,25,In Stock,4WD,35 KM/H,Electric Brushed Motor,Rechargeable Li-ion Battery Pack (Included),2.4 GHz Multi-Channel Transmitter,18 × 9 × 9 cm,0.2 kg,8+ Years,N/A,N/A,0,"Premium 1:32 scale collectible car models crafted for enthusiasts and collectors. Designed with precision detailing, realistic proportions, and high-quality materials, these models capture the spirit of iconic automobiles. Perfect for display, gifting, or building a stunning collection.","Premium 1:32 scale collectible car models crafted for enthusiasts and collectors. Designed with precision detailing, realistic proportions, and high-quality materials, these models capture the spirit of iconic automobiles. Perfect for display, gifting, or building a stunning collection."
228,32JJ90AM-B,1:32 DC Aston Martin,Collectables,1:32,1799,1525,18,95030090,2249,20,25,In Stock,4WD,35 KM/H,Electric Brushed Motor,Rechargeable Li-ion Battery Pack (Included),2.4 GHz Multi-Channel Transmitter,18 × 9 × 9 cm,0.2 kg,8+ Years,N/A,N/A,0,"Premium 1:32 scale collectible car models crafted for enthusiasts and collectors. Designed with precision detailing, realistic proportions, and high-quality materials, these models capture the spirit of iconic automobiles. Perfect for display, gifting, or building a stunning collection.","Premium 1:32 scale collectible car models crafted for enthusiasts and collectors. Designed with precision detailing, realistic proportions, and high-quality materials, these models capture the spirit of iconic automobiles. Perfect for display, gifting, or building a stunning collection."
229,32JJ90AM-G,1:32 DC Aston Martin,Collectables,1:32,1799,1525,18,95030090,2249,20,25,In Stock,4WD,35 KM/H,Electric Brushed Motor,Rechargeable Li-ion Battery Pack (Included),2.4 GHz Multi-Channel Transmitter,18 × 9 × 9 cm,0.2 kg,8+ Years,N/A,N/A,0,"Premium 1:32 scale collectible car models crafted for enthusiasts and collectors. Designed with precision detailing, realistic proportions, and high-quality materials, these models capture the spirit of iconic automobiles. Perfect for display, gifting, or building a stunning collection.","Premium 1:32 scale collectible car models crafted for enthusiasts and collectors. Designed with precision detailing, realistic proportions, and high-quality materials, these models capture the spirit of iconic automobiles. Perfect for display, gifting, or building a stunning collection."
230,32JJ90AM-Gree,1:32 DC Aston Martin,Collectables,1:32,1799,1525,18,95030090,2249,20,25,In Stock,4WD,35 KM/H,Electric Brushed Motor,Rechargeable Li-ion Battery Pack (Included),2.4 GHz Multi-Channel Transmitter,18 × 9 × 9 cm,0.2 kg,8+ Years,N/A,N/A,0,"Premium 1:32 scale collectible car models crafted for enthusiasts and collectors. Designed with precision detailing, realistic proportions, and high-quality materials, these models capture the spirit of iconic automobiles. Perfect for display, gifting, or building a stunning collection.","Premium 1:32 scale collectible car models crafted for enthusiasts and collectors. Designed with precision detailing, realistic proportions, and high-quality materials, these models capture the spirit of iconic automobiles. Perfect for display, gifting, or building a stunning collection."
231,32JJ336AU-W,1:32 Audi RS6,Collectables,1:32,1799,1525,18,95030090,2249,20,25,In Stock,4WD,35 KM/H,Electric Brushed Motor,Rechargeable Li-ion Battery Pack (Included),2.4 GHz Multi-Channel Transmitter,18 × 9 × 9 cm,0.2 kg,8+ Years,N/A,N/A,0,"Premium 1:32 scale collectible car models crafted for enthusiasts and collectors. Designed with precision detailing, realistic proportions, and high-quality materials, these models capture the spirit of iconic automobiles. Perfect for display, gifting, or building a stunning collection.","Premium 1:32 scale collectible car models crafted for enthusiasts and collectors. Designed with precision detailing, realistic proportions, and high-quality materials, these models capture the spirit of iconic automobiles. Perfect for display, gifting, or building a stunning collection."
232,32JJ275PMM-Bu,1:32 DC Porsche McLaren Macan,Collectables,1:32,899,762,18,95030090,1124,20,25,In Stock,4WD,35 KM/H,Electric Brushed Motor,Rechargeable Li-ion Battery Pack (Included),2.4 GHz Multi-Channel Transmitter,18 × 9 × 9 cm,0.4 kg,8+ Years,N/A,N/A,0,"Premium 1:32 scale collectible car models crafted for enthusiasts and collectors. Designed with precision detailing, realistic proportions, and high-quality materials, these models capture the spirit of iconic automobiles. Perfect for display, gifting, or building a stunning collection.","Premium 1:32 scale collectible car models crafted for enthusiasts and collectors. Designed with precision detailing, realistic proportions, and high-quality materials, these models capture the spirit of iconic automobiles. Perfect for display, gifting, or building a stunning collection."
233,32JJ275PMM-O,1:32 DC Porsche McLaren Macan,Collectables,1:32,899,762,18,95030090,1124,20,25,In Stock,4WD,35 KM/H,Electric Brushed Motor,Rechargeable Li-ion Battery Pack (Included),2.4 GHz Multi-Channel Transmitter,18 × 9 × 9 cm,0.4 kg,8+ Years,N/A,N/A,0,"Premium 1:32 scale collectible car models crafted for enthusiasts and collectors. Designed with precision detailing, realistic proportions, and high-quality materials, these models capture the spirit of iconic automobiles. Perfect for display, gifting, or building a stunning collection.","Premium 1:32 scale collectible car models crafted for enthusiasts and collectors. Designed with precision detailing, realistic proportions, and high-quality materials, these models capture the spirit of iconic automobiles. Perfect for display, gifting, or building a stunning collection."
234,32JJ275PMM-R,1:32 DC Porsche McLaren Macan,Collectables,1:32,899,762,18,95030090,1124,20,25,In Stock,4WD,35 KM/H,Electric Brushed Motor,Rechargeable Li-ion Battery Pack (Included),2.4 GHz Multi-Channel Transmitter,18 × 9 × 9 cm,0.4 kg,8+ Years,N/A,N/A,0,"Premium 1:32 scale collectible car models crafted for enthusiasts and collectors. Designed with precision detailing, realistic proportions, and high-quality materials, these models capture the spirit of iconic automobiles. Perfect for display, gifting, or building a stunning collection.","Premium 1:32 scale collectible car models crafted for enthusiasts and collectors. Designed with precision detailing, realistic proportions, and high-quality materials, these models capture the spirit of iconic automobiles. Perfect for display, gifting, or building a stunning collection."
235,32JJ89MF-R,1:32 DC Marlboro Ferrari,Collectables,1:32,1799,1525,18,95030090,2249,20,25,In Stock,4WD,35 KM/H,Electric Brushed Motor,Rechargeable Li-ion Battery Pack (Included),2.4 GHz Multi-Channel Transmitter,18 × 9 × 9 cm,0.2 kg,8+ Years,N/A,N/A,0,"Premium 1:32 scale collectible car models crafted for enthusiasts and collectors. Designed with precision detailing, realistic proportions, and high-quality materials, these models capture the spirit of iconic automobiles. Perfect for display, gifting, or building a stunning collection.","Premium 1:32 scale collectible car models crafted for enthusiasts and collectors. Designed with precision detailing, realistic proportions, and high-quality materials, these models capture the spirit of iconic automobiles. Perfect for display, gifting, or building a stunning collection."
236,32JJ335BM-B,1:32 DC BMW,Collectables,1:32,1799,1525,18,95030090,2249,20,25,In Stock,4WD,35 KM/H,Electric Brushed Motor,Rechargeable Li-ion Battery Pack (Included),2.4 GHz Multi-Channel Transmitter,18 × 9 × 9 cm,0.2 kg,8+ Years,N/A,N/A,0,"Premium 1:32 scale collectible car models crafted for enthusiasts and collectors. Designed with precision detailing, realistic proportions, and high-quality materials, these models capture the spirit of iconic automobiles. Perfect for display, gifting, or building a stunning collection.","Premium 1:32 scale collectible car models crafted for enthusiasts and collectors. Designed with precision detailing, realistic proportions, and high-quality materials, these models capture the spirit of iconic automobiles. Perfect for display, gifting, or building a stunning collection."
237,32JJ335BM-W,1:32 DC BMW,Collectables,1:32,1799,1525,18,95030090,2249,20,25,In Stock,4WD,35 KM/H,Electric Brushed Motor,Rechargeable Li-ion Battery Pack (Included),2.4 GHz Multi-Channel Transmitter,18 × 9 × 9 cm,0.2 kg,8+ Years,N/A,N/A,0,"Premium 1:32 scale collectible car models crafted for enthusiasts and collectors. Designed with precision detailing, realistic proportions, and high-quality materials, these models capture the spirit of iconic automobiles. Perfect for display, gifting, or building a stunning collection.","Premium 1:32 scale collectible car models crafted for enthusiasts and collectors. Designed with precision detailing, realistic proportions, and high-quality materials, these models capture the spirit of iconic automobiles. Perfect for display, gifting, or building a stunning collection."
238,32JJ273PFS-R,1:32 DC Pagani Feng Shen,Collectables,1:32,899,762,18,95030090,1124,20,25,In Stock,4WD,35 KM/H,Electric Brushed Motor,Rechargeable Li-ion Battery Pack (Included),2.4 GHz Multi-Channel Transmitter,18 × 9 × 9 cm,0.2 kg,8+ Years,N/A,N/A,0,"Premium 1:32 scale collectible car models crafted for enthusiasts and collectors. Designed with precision detailing, realistic proportions, and high-quality materials, these models capture the spirit of iconic automobiles. Perfect for display, gifting, or building a stunning collection.","Premium 1:32 scale collectible car models crafted for enthusiasts and collectors. Designed with precision detailing, realistic proportions, and high-quality materials, these models capture the spirit of iconic automobiles. Perfect for display, gifting, or building a stunning collection."
239,32JJ273PFS-W,1:32 DC Pagani Feng Shen,Collectables,1:32,899,762,18,95030090,1124,20,25,In Stock,4WD,35 KM/H,Electric Brushed Motor,Rechargeable Li-ion Battery Pack (Included),2.4 GHz Multi-Channel Transmitter,18 × 9 × 9 cm,0.2 kg,8+ Years,N/A,N/A,0,"Premium 1:32 scale collectible car models crafted for enthusiasts and collectors. Designed with precision detailing, realistic proportions, and high-quality materials, these models capture the spirit of iconic automobiles. Perfect for display, gifting, or building a stunning collection.","Premium 1:32 scale collectible car models crafted for enthusiasts and collectors. Designed with precision detailing, realistic proportions, and high-quality materials, these models capture the spirit of iconic automobiles. Perfect for display, gifting, or building a stunning collection."
240,32JJ272TO-G,1:32 DC Toyota GR86,Collectables,1:32,899,762,18,95030090,1124,20,25,In Stock,4WD,35 KM/H,Electric Brushed Motor,Rechargeable Li-ion Battery Pack (Included),2.4 GHz Multi-Channel Transmitter,18 × 9 × 9 cm,0.4 kg,8+ Years,N/A,N/A,0,"Premium 1:32 scale collectible car models crafted for enthusiasts and collectors. Designed with precision detailing, realistic proportions, and high-quality materials, these models capture the spirit of iconic automobiles. Perfect for display, gifting, or building a stunning collection.","Premium 1:32 scale collectible car models crafted for enthusiasts and collectors. Designed with precision detailing, realistic proportions, and high-quality materials, these models capture the spirit of iconic automobiles. Perfect for display, gifting, or building a stunning collection."
241,32JJ272TO-R,1:32 DC Toyota GR86,Collectables,1:32,899,762,18,95030090,1124,20,25,In Stock,4WD,35 KM/H,Electric Brushed Motor,Rechargeable Li-ion Battery Pack (Included),2.4 GHz Multi-Channel Transmitter,18 × 9 × 9 cm,0.4 kg,8+ Years,N/A,N/A,0,"Premium 1:32 scale collectible car models crafted for enthusiasts and collectors. Designed with precision detailing, realistic proportions, and high-quality materials, these models capture the spirit of iconic automobiles. Perfect for display, gifting, or building a stunning collection.","Premium 1:32 scale collectible car models crafted for enthusiasts and collectors. Designed with precision detailing, realistic proportions, and high-quality materials, these models capture the spirit of iconic automobiles. Perfect for display, gifting, or building a stunning collection."
242,32JJ333MC-B,1:32 DC McLaren 765LT,Collectables,1:32,1799,1525,18,95030090,2249,20,25,In Stock,4WD,35 KM/H,Electric Brushed Motor,Rechargeable Li-ion Battery Pack (Included),2.4 GHz Multi-Channel Transmitter,18 × 9 × 9 cm,0.2 kg,8+ Years,N/A,N/A,0,"Premium 1:32 scale collectible car models crafted for enthusiasts and collectors. Designed with precision detailing, realistic proportions, and high-quality materials, these models capture the spirit of iconic automobiles. Perfect for display, gifting, or building a stunning collection.","Premium 1:32 scale collectible car models crafted for enthusiasts and collectors. Designed with precision detailing, realistic proportions, and high-quality materials, these models capture the spirit of iconic automobiles. Perfect for display, gifting, or building a stunning collection."
243,32JJ333MC-G,1:32 DC McLaren 765LT,Collectables,1:32,1799,1525,18,95030090,2249,20,25,In Stock,4WD,35 KM/H,Electric Brushed Motor,Rechargeable Li-ion Battery Pack (Included),2.4 GHz Multi-Channel Transmitter,18 × 9 × 9 cm,0.2 kg,8+ Years,N/A,N/A,0,"Premium 1:32 scale collectible car models crafted for enthusiasts and collectors. Designed with precision detailing, realistic proportions, and high-quality materials, these models capture the spirit of iconic automobiles. Perfect for display, gifting, or building a stunning collection.","Premium 1:32 scale collectible car models crafted for enthusiasts and collectors. Designed with precision detailing, realistic proportions, and high-quality materials, these models capture the spirit of iconic automobiles. Perfect for display, gifting, or building a stunning collection."
244,32JJ88MA-R,1:32 DC Mammoth1000,Collectables,1:32,899,762,18,95030090,1124,20,25,In Stock,4WD,35 KM/H,Electric Brushed Motor,Rechargeable Li-ion Battery Pack (Included),2.4 GHz Multi-Channel Transmitter,18 × 9 × 9 cm,0.5 kg,8+ Years,N/A,N/A,0,"Premium 1:32 scale collectible car models crafted for enthusiasts and collectors. Designed with precision detailing, realistic proportions, and high-quality materials, these models capture the spirit of iconic automobiles. Perfect for display, gifting, or building a stunning collection.","Premium 1:32 scale collectible car models crafted for enthusiasts and collectors. Designed with precision detailing, realistic proportions, and high-quality materials, these models capture the spirit of iconic automobiles. Perfect for display, gifting, or building a stunning collection."
245,32JJ88MA-W,1:32 DC Mammoth1000,Collectables,1:32,899,762,18,95030090,1124,20,25,In Stock,4WD,35 KM/H,Electric Brushed Motor,Rechargeable Li-ion Battery Pack (Included),2.4 GHz Multi-Channel Transmitter,18 × 9 × 9 cm,1 kg,8+ Years,N/A,N/A,0,"Premium 1:32 scale collectible car models crafted for enthusiasts and collectors. Designed with precision detailing, realistic proportions, and high-quality materials, these models capture the spirit of iconic automobiles. Perfect for display, gifting, or building a stunning collection.","Premium 1:32 scale collectible car models crafted for enthusiasts and collectors. Designed with precision detailing, realistic proportions, and high-quality materials, these models capture the spirit of iconic automobiles. Perfect for display, gifting, or building a stunning collection."
246,32JJ88MA-Y,1:32 DC Mammoth1000,Collectables,1:32,899,762,18,95030090,1124,20,25,In Stock,4WD,35 KM/H,Electric Brushed Motor,Rechargeable Li-ion Battery Pack (Included),2.4 GHz Multi-Channel Transmitter,18 × 9 × 9 cm,1 kg,8+ Years,N/A,N/A,0,"Premium 1:32 scale collectible car models crafted for enthusiasts and collectors. Designed with precision detailing, realistic proportions, and high-quality materials, these models capture the spirit of iconic automobiles. Perfect for display, gifting, or building a stunning collection.","Premium 1:32 scale collectible car models crafted for enthusiasts and collectors. Designed with precision detailing, realistic proportions, and high-quality materials, these models capture the spirit of iconic automobiles. Perfect for display, gifting, or building a stunning collection."
247,32JJ87RR-B,1:32 DC Rolls Royce Phantom,Collectables,1:32,1799,1525,18,95030090,2249,20,25,In Stock,4WD,35 KM/H,Electric Brushed Motor,Rechargeable Li-ion Battery Pack (Included),2.4 GHz Multi-Channel Transmitter,18 × 9 × 9 cm,0.2 kg,8+ Years,N/A,N/A,0,"Premium 1:32 scale collectible car models crafted for enthusiasts and collectors. Designed with precision detailing, realistic proportions, and high-quality materials, these models capture the spirit of iconic automobiles. Perfect for display, gifting, or building a stunning collection.","Premium 1:32 scale collectible car models crafted for enthusiasts and collectors. Designed with precision detailing, realistic proportions, and high-quality materials, these models capture the spirit of iconic automobiles. Perfect for display, gifting, or building a stunning collection."
248,32JJ87RR-W,1:32 DC Rolls Royce Phantom,Collectables,1:32,1799,1525,18,95030090,2249,20,25,In Stock,4WD,35 KM/H,Electric Brushed Motor,Rechargeable Li-ion Battery Pack (Included),2.4 GHz Multi-Channel Transmitter,18 × 9 × 9 cm,0.2 kg,8+ Years,N/A,N/A,0,"Premium 1:32 scale collectible car models crafted for enthusiasts and collectors. Designed with precision detailing, realistic proportions, and high-quality materials, these models capture the spirit of iconic automobiles. Perfect for display, gifting, or building a stunning collection.","Premium 1:32 scale collectible car models crafted for enthusiasts and collectors. Designed with precision detailing, realistic proportions, and high-quality materials, these models capture the spirit of iconic automobiles. Perfect for display, gifting, or building a stunning collection."
249,32JJ86KO-O,1:32 DC Koenigsegg Jesko,Collectables,1:32,1799,1525,18,95030090,2249,20,25,In Stock,4WD,35 KM/H,Electric Brushed Motor,Rechargeable Li-ion Battery Pack (Included),2.4 GHz Multi-Channel Transmitter,18 × 9 × 9 cm,0.2 kg,8+ Years,N/A,N/A,0,"Premium 1:32 scale collectible car models crafted for enthusiasts and collectors. Designed with precision detailing, realistic proportions, and high-quality materials, these models capture the spirit of iconic automobiles. Perfect for display, gifting, or building a stunning collection.","Premium 1:32 scale collectible car models crafted for enthusiasts and collectors. Designed with precision detailing, realistic proportions, and high-quality materials, these models capture the spirit of iconic automobiles. Perfect for display, gifting, or building a stunning collection."
250,32JJ86KO-B,1:32 DC Koenigsegg Jesko,Collectables,1:32,1799,1525,18,95030090,2249,20,25,In Stock,4WD,35 KM/H,Electric Brushed Motor,Rechargeable Li-ion Battery Pack (Included),2.4 GHz Multi-Channel Transmitter,18 × 9 × 9 cm,0.2 kg,8+ Years,N/A,N/A,0,"Premium 1:32 scale collectible car models crafted for enthusiasts and collectors. Designed with precision detailing, realistic proportions, and high-quality materials, these models capture the spirit of iconic automobiles. Perfect for display, gifting, or building a stunning collection.","Premium 1:32 scale collectible car models crafted for enthusiasts and collectors. Designed with precision detailing, realistic proportions, and high-quality materials, these models capture the spirit of iconic automobiles. Perfect for display, gifting, or building a stunning collection."
251,32JJ86KO-W,1:32 DC Koenigsegg Jesko,Collectables,1:32,1799,1525,18,95030090,2249,20,25,In Stock,4WD,35 KM/H,Electric Brushed Motor,Rechargeable Li-ion Battery Pack (Included),2.4 GHz Multi-Channel Transmitter,18 × 9 × 9 cm,0.2 kg,8+ Years,N/A,N/A,0,"Premium 1:32 scale collectible car models crafted for enthusiasts and collectors. Designed with precision detailing, realistic proportions, and high-quality materials, these models capture the spirit of iconic automobiles. Perfect for display, gifting, or building a stunning collection.","Premium 1:32 scale collectible car models crafted for enthusiasts and collectors. Designed with precision detailing, realistic proportions, and high-quality materials, these models capture the spirit of iconic automobiles. Perfect for display, gifting, or building a stunning collection."
252,32JJ85POR-O,1:32 DC Porsche,Collectables,1:32,1799,1525,18,95030090,2249,20,25,In Stock,4WD,35 KM/H,Electric Brushed Motor,Rechargeable Li-ion Battery Pack (Included),2.4 GHz Multi-Channel Transmitter,18 × 9 × 9 cm,0.2 kg,8+ Years,N/A,N/A,0,"Premium 1:32 scale collectible car models crafted for enthusiasts and collectors. Designed with precision detailing, realistic proportions, and high-quality materials, these models capture the spirit of iconic automobiles. Perfect for display, gifting, or building a stunning collection.","Premium 1:32 scale collectible car models crafted for enthusiasts and collectors. Designed with precision detailing, realistic proportions, and high-quality materials, these models capture the spirit of iconic automobiles. Perfect for display, gifting, or building a stunning collection."
253,32JJ85POR-R,1:32 DC Porsche,Collectables,1:32,1799,1525,18,95030090,2249,20,25,In Stock,4WD,35 KM/H,Electric Brushed Motor,Rechargeable Li-ion Battery Pack (Included),2.4 GHz Multi-Channel Transmitter,18 × 9 × 9 cm,0.2 kg,8+ Years,N/A,N/A,0,"Premium 1:32 scale collectible car models crafted for enthusiasts and collectors. Designed with precision detailing, realistic proportions, and high-quality materials, these models capture the spirit of iconic automobiles. Perfect for display, gifting, or building a stunning collection.","Premium 1:32 scale collectible car models crafted for enthusiasts and collectors. Designed with precision detailing, realistic proportions, and high-quality materials, these models capture the spirit of iconic automobiles. Perfect for display, gifting, or building a stunning collection."
254,32JJ281BM-B,1:32 DC Bugatti Mistral,Collectables,1:32,899,762,18,95030090,1124,20,25,In Stock,4WD,35 KM/H,Electric Brushed Motor,Rechargeable Li-ion Battery Pack (Included),2.4 GHz Multi-Channel Transmitter,18 × 9 × 9 cm,0.4 kg,8+ Years,N/A,N/A,0,"Premium 1:32 scale collectible car models crafted for enthusiasts and collectors. Designed with precision detailing, realistic proportions, and high-quality materials, these models capture the spirit of iconic automobiles. Perfect for display, gifting, or building a stunning collection.","Premium 1:32 scale collectible car models crafted for enthusiasts and collectors. Designed with precision detailing, realistic proportions, and high-quality materials, these models capture the spirit of iconic automobiles. Perfect for display, gifting, or building a stunning collection."
255,32JJ84FERRA-B,1:32 DC Ferrari Sports,Collectables,1:32,1799,1525,18,95030090,2249,20,25,In Stock,4WD,35 KM/H,Electric Brushed Motor,Rechargeable Li-ion Battery Pack (Included),2.4 GHz Multi-Channel Transmitter,18 × 9 × 9 cm,0.2 kg,8+ Years,N/A,N/A,0,"Premium 1:32 scale collectible car models crafted for enthusiasts and collectors. Designed with precision detailing, realistic proportions, and high-quality materials, these models capture the spirit of iconic automobiles. Perfect for display, gifting, or building a stunning collection.","Premium 1:32 scale collectible car models crafted for enthusiasts and collectors. Designed with precision detailing, realistic proportions, and high-quality materials, these models capture the spirit of iconic automobiles. Perfect for display, gifting, or building a stunning collection."
256,32JJ84FERRA-R,1:32 DC Ferrari Sports,Collectables,1:32,1799,1525,18,95030090,2249,20,25,In Stock,4WD,35 KM/H,Electric Brushed Motor,Rechargeable Li-ion Battery Pack (Included),2.4 GHz Multi-Channel Transmitter,18 × 9 × 9 cm,0.2 kg,8+ Years,N/A,N/A,0,"Premium 1:32 scale collectible car models crafted for enthusiasts and collectors. Designed with precision detailing, realistic proportions, and high-quality materials, these models capture the spirit of iconic automobiles. Perfect for display, gifting, or building a stunning collection.","Premium 1:32 scale collectible car models crafted for enthusiasts and collectors. Designed with precision detailing, realistic proportions, and high-quality materials, these models capture the spirit of iconic automobiles. Perfect for display, gifting, or building a stunning collection."
257,32JJ83BMW-B,1:32 DC BMW,Collectables,1:32,899,762,18,95030090,1124,20,25,In Stock,4WD,35 KM/H,Electric Brushed Motor,Rechargeable Li-ion Battery Pack (Included),2.4 GHz Multi-Channel Transmitter,18 × 9 × 9 cm,1 kg,8+ Years,N/A,N/A,0,"Premium 1:32 scale collectible car models crafted for enthusiasts and collectors. Designed with precision detailing, realistic proportions, and high-quality materials, these models capture the spirit of iconic automobiles. Perfect for display, gifting, or building a stunning collection.","Premium 1:32 scale collectible car models crafted for enthusiasts and collectors. Designed with precision detailing, realistic proportions, and high-quality materials, these models capture the spirit of iconic automobiles. Perfect for display, gifting, or building a stunning collection."
258,32JJ83BMW-W,1:32 DC BMW,Collectables,1:32,899,762,18,95030090,1124,20,25,In Stock,4WD,35 KM/H,Electric Brushed Motor,Rechargeable Li-ion Battery Pack (Included),2.4 GHz Multi-Channel Transmitter,18 × 9 × 9 cm,1 kg,8+ Years,N/A,N/A,0,"Premium 1:32 scale collectible car models crafted for enthusiasts and collectors. Designed with precision detailing, realistic proportions, and high-quality materials, these models capture the spirit of iconic automobiles. Perfect for display, gifting, or building a stunning collection.","Premium 1:32 scale collectible car models crafted for enthusiasts and collectors. Designed with precision detailing, realistic proportions, and high-quality materials, these models capture the spirit of iconic automobiles. Perfect for display, gifting, or building a stunning collection."
259,32JJ82BUGG-G,1:32 DC Bugatti Divo,Collectables,1:32,1799,1525,18,95030090,2249,20,25,In Stock,4WD,35 KM/H,Electric Brushed Motor,Rechargeable Li-ion Battery Pack (Included),2.4 GHz Multi-Channel Transmitter,18 × 9 × 9 cm,0.2 kg,8+ Years,N/A,N/A,0,"Premium 1:32 scale collectible car models crafted for enthusiasts and collectors. Designed with precision detailing, realistic proportions, and high-quality materials, these models capture the spirit of iconic automobiles. Perfect for display, gifting, or building a stunning collection.","Premium 1:32 scale collectible car models crafted for enthusiasts and collectors. Designed with precision detailing, realistic proportions, and high-quality materials, these models capture the spirit of iconic automobiles. Perfect for display, gifting, or building a stunning collection."
260,32JJ278MB-B,1:32 DC Mercedes-Benz,Collectables,1:32,899,762,18,95030090,1124,20,25,In Stock,4WD,35 KM/H,Electric Brushed Motor,Rechargeable Li-ion Battery Pack (Included),2.4 GHz Multi-Channel Transmitter,18 × 9 × 9 cm,0.4 kg,8+ Years,N/A,N/A,0,"Premium 1:32 scale collectible car models crafted for enthusiasts and collectors. Designed with precision detailing, realistic proportions, and high-quality materials, these models capture the spirit of iconic automobiles. Perfect for display, gifting, or building a stunning collection.","Premium 1:32 scale collectible car models crafted for enthusiasts and collectors. Designed with precision detailing, realistic proportions, and high-quality materials, these models capture the spirit of iconic automobiles. Perfect for display, gifting, or building a stunning collection."
261,32JJ278MB-R,1:32 DC Mercedes-Benz,Collectables,1:32,899,762,18,95030090,1124,20,25,In Stock,4WD,35 KM/H,Electric Brushed Motor,Rechargeable Li-ion Battery Pack (Included),2.4 GHz Multi-Channel Transmitter,18 × 9 × 9 cm,0.4 kg,8+ Years,N/A,N/A,0,"Premium 1:32 scale collectible car models crafted for enthusiasts and collectors. Designed with precision detailing, realistic proportions, and high-quality materials, these models capture the spirit of iconic automobiles. Perfect for display, gifting, or building a stunning collection.","Premium 1:32 scale collectible car models crafted for enthusiasts and collectors. Designed with precision detailing, realistic proportions, and high-quality materials, these models capture the spirit of iconic automobiles. Perfect for display, gifting, or building a stunning collection."
262,32JJ81AU-B,1:32 DC Audi,Collectables,1:32,849,719,18,95030090,1061,20,25,In Stock,4WD,35 KM/H,Electric Brushed Motor,Rechargeable Li-ion Battery Pack (Included),2.4 GHz Multi-Channel Transmitter,18 × 9 × 9 cm,0.2 kg,8+ Years,N/A,N/A,0,"Premium 1:32 scale collectible car models crafted for enthusiasts and collectors. Designed with precision detailing, realistic proportions, and high-quality materials, these models capture the spirit of iconic automobiles. Perfect for display, gifting, or building a stunning collection.","Premium 1:32 scale collectible car models crafted for enthusiasts and collectors. Designed with precision detailing, realistic proportions, and high-quality materials, these models capture the spirit of iconic automobiles. Perfect for display, gifting, or building a stunning collection."
263,32JJ81AU-W,1:32 DC Audi,Collectables,1:32,849,719,18,95030090,1061,20,25,In Stock,4WD,35 KM/H,Electric Brushed Motor,Rechargeable Li-ion Battery Pack (Included),2.4 GHz Multi-Channel Transmitter,18 × 9 × 9 cm,0.2 kg,8+ Years,N/A,N/A,0,"Premium 1:32 scale collectible car models crafted for enthusiasts and collectors. Designed with precision detailing, realistic proportions, and high-quality materials, these models capture the spirit of iconic automobiles. Perfect for display, gifting, or building a stunning collection.","Premium 1:32 scale collectible car models crafted for enthusiasts and collectors. Designed with precision detailing, realistic proportions, and high-quality materials, these models capture the spirit of iconic automobiles. Perfect for display, gifting, or building a stunning collection."
264,32JJ276BM-R,1:32 DC BMWX5,Collectables,1:32,899,762,18,95030090,1124,20,25,In Stock,4WD,35 KM/H,Electric Brushed Motor,Rechargeable Li-ion Battery Pack (Included),2.4 GHz Multi-Channel Transmitter,18 × 9 × 9 cm,0.4 kg,8+ Years,N/A,N/A,0,"Premium 1:32 scale collectible car models crafted for enthusiasts and collectors. Designed with precision detailing, realistic proportions, and high-quality materials, these models capture the spirit of iconic automobiles. Perfect for display, gifting, or building a stunning collection.","Premium 1:32 scale collectible car models crafted for enthusiasts and collectors. Designed with precision detailing, realistic proportions, and high-quality materials, these models capture the spirit of iconic automobiles. Perfect for display, gifting, or building a stunning collection."
265,32JJ276BM-Bu,1:32 DC BMWX5,Collectables,1:32,899,762,18,95030090,1124,20,25,In Stock,4WD,35 KM/H,Electric Brushed Motor,Rechargeable Li-ion Battery Pack (Included),2.4 GHz Multi-Channel Transmitter,18 × 9 × 9 cm,0.4 kg,8+ Years,N/A,N/A,0,"Premium 1:32 scale collectible car models crafted for enthusiasts and collectors. Designed with precision detailing, realistic proportions, and high-quality materials, these models capture the spirit of iconic automobiles. Perfect for display, gifting, or building a stunning collection.","Premium 1:32 scale collectible car models crafted for enthusiasts and collectors. Designed with precision detailing, realistic proportions, and high-quality materials, these models capture the spirit of iconic automobiles. Perfect for display, gifting, or building a stunning collection."
266,32JJ276BM-Y,1:32 DC BMWX5,Collectables,1:32,899,762,18,95030090,1124,20,25,In Stock,4WD,35 KM/H,Electric Brushed Motor,Rechargeable Li-ion Battery Pack (Included),2.4 GHz Multi-Channel Transmitter,18 × 9 × 9 cm,0.4 kg,8+ Years,N/A,N/A,0,"Premium 1:32 scale collectible car models crafted for enthusiasts and collectors. Designed with precision detailing, realistic proportions, and high-quality materials, these models capture the spirit of iconic automobiles. Perfect for display, gifting, or building a stunning collection.","Premium 1:32 scale collectible car models crafted for enthusiasts and collectors. Designed with precision detailing, realistic proportions, and high-quality materials, these models capture the spirit of iconic automobiles. Perfect for display, gifting, or building a stunning collection."
267,32JJ80HJR-W,1:32 DC Herdsman Jeep Rubican,Collectables,1:32,849,719,18,95030090,1061,20,25,In Stock,4WD,35 KM/H,Electric Brushed Motor,Rechargeable Li-ion Battery Pack (Included),2.4 GHz Multi-Channel Transmitter,18 × 9 × 9 cm,0.2 kg,8+ Years,N/A,N/A,0,"Premium 1:32 scale collectible car models crafted for enthusiasts and collectors. Designed with precision detailing, realistic proportions, and high-quality materials, these models capture the spirit of iconic automobiles. Perfect for display, gifting, or building a stunning collection.","Premium 1:32 scale collectible car models crafted for enthusiasts and collectors. Designed with precision detailing, realistic proportions, and high-quality materials, these models capture the spirit of iconic automobiles. Perfect for display, gifting, or building a stunning collection."
268,32JJ80HJR-Y,1:32 DC Herdsman Jeep Rubican,Collectables,1:32,849,719,18,95030090,1061,20,25,In Stock,4WD,35 KM/H,Electric Brushed Motor,Rechargeable Li-ion Battery Pack (Included),2.4 GHz Multi-Channel Transmitter,18 × 9 × 9 cm,0.2 kg,8+ Years,N/A,N/A,0,"Premium 1:32 scale collectible car models crafted for enthusiasts and collectors. Designed with precision detailing, realistic proportions, and high-quality materials, these models capture the spirit of iconic automobiles. Perfect for display, gifting, or building a stunning collection.","Premium 1:32 scale collectible car models crafted for enthusiasts and collectors. Designed with precision detailing, realistic proportions, and high-quality materials, these models capture the spirit of iconic automobiles. Perfect for display, gifting, or building a stunning collection."
269,32JJ274KG-B,1:32 DC Koenigsager-Gemini,Collectables,1:32,899,762,18,95030090,1124,20,25,In Stock,4WD,35 KM/H,Electric Brushed Motor,Rechargeable Li-ion Battery Pack (Included),2.4 GHz Multi-Channel Transmitter,18 × 9 × 9 cm,0.2 kg,8+ Years,N/A,N/A,0,"Premium 1:32 scale collectible car models crafted for enthusiasts and collectors. Designed with precision detailing, realistic proportions, and high-quality materials, these models capture the spirit of iconic automobiles. Perfect for display, gifting, or building a stunning collection.","Premium 1:32 scale collectible car models crafted for enthusiasts and collectors. Designed with precision detailing, realistic proportions, and high-quality materials, these models capture the spirit of iconic automobiles. Perfect for display, gifting, or building a stunning collection."
270,32JJ274KG-G,1:32 DC Koenigsager-Gemini,Collectables,1:32,899,762,18,95030090,1124,20,25,In Stock,4WD,35 KM/H,Electric Brushed Motor,Rechargeable Li-ion Battery Pack (Included),2.4 GHz Multi-Channel Transmitter,18 × 9 × 9 cm,0.2 kg,8+ Years,N/A,N/A,0,"Premium 1:32 scale collectible car models crafted for enthusiasts and collectors. Designed with precision detailing, realistic proportions, and high-quality materials, these models capture the spirit of iconic automobiles. Perfect for display, gifting, or building a stunning collection.","Premium 1:32 scale collectible car models crafted for enthusiasts and collectors. Designed with precision detailing, realistic proportions, and high-quality materials, these models capture the spirit of iconic automobiles. Perfect for display, gifting, or building a stunning collection."
271,32JJ274KG-Gy,1:32 DC Koenigsager-Gemini,Collectables,1:32,899,762,18,95030090,1124,20,25,In Stock,4WD,35 KM/H,Electric Brushed Motor,Rechargeable Li-ion Battery Pack (Included),2.4 GHz Multi-Channel Transmitter,18 × 9 × 9 cm,0.2 kg,8+ Years,N/A,N/A,0,"Premium 1:32 scale collectible car models crafted for enthusiasts and collectors. Designed with precision detailing, realistic proportions, and high-quality materials, these models capture the spirit of iconic automobiles. Perfect for display, gifting, or building a stunning collection.","Premium 1:32 scale collectible car models crafted for enthusiasts and collectors. Designed with precision detailing, realistic proportions, and high-quality materials, these models capture the spirit of iconic automobiles. Perfect for display, gifting, or building a stunning collection."
272,32JJ79MB-B,1:32 DC Mercedes Benz,Collectables,1:32,849,719,18,95030090,1061,20,25,In Stock,4WD,35 KM/H,Electric Brushed Motor,Rechargeable Li-ion Battery Pack (Included),2.4 GHz Multi-Channel Transmitter,18 × 9 × 9 cm,0.2 kg,8+ Years,N/A,N/A,0,"Premium 1:32 scale collectible car models crafted for enthusiasts and collectors. Designed with precision detailing, realistic proportions, and high-quality materials, these models capture the spirit of iconic automobiles. Perfect for display, gifting, or building a stunning collection.","Premium 1:32 scale collectible car models crafted for enthusiasts and collectors. Designed with precision detailing, realistic proportions, and high-quality materials, these models capture the spirit of iconic automobiles. Perfect for display, gifting, or building a stunning collection."
273,32JJ79MB-W,1:32 DC Mercedes Benz,Collectables,1:32,849,719,18,95030090,1061,20,25,In Stock,4WD,35 KM/H,Electric Brushed Motor,Rechargeable Li-ion Battery Pack (Included),2.4 GHz Multi-Channel Transmitter,18 × 9 × 9 cm,0.2 kg,8+ Years,N/A,N/A,0,"Premium 1:32 scale collectible car models crafted for enthusiasts and collectors. Designed with precision detailing, realistic proportions, and high-quality materials, these models capture the spirit of iconic automobiles. Perfect for display, gifting, or building a stunning collection.","Premium 1:32 scale collectible car models crafted for enthusiasts and collectors. Designed with precision detailing, realistic proportions, and high-quality materials, these models capture the spirit of iconic automobiles. Perfect for display, gifting, or building a stunning collection."
274,32JJ340TE-B,1:32 DC Tesla,Collectables,1:32,849,719,18,95030090,1061,20,25,In Stock,4WD,35 KM/H,Electric Brushed Motor,Rechargeable Li-ion Battery Pack (Included),2.4 GHz Multi-Channel Transmitter,18 × 9 × 9 cm,0.2 kg,8+ Years,N/A,N/A,0,"Premium 1:32 scale collectible car models crafted for enthusiasts and collectors. Designed with precision detailing, realistic proportions, and high-quality materials, these models capture the spirit of iconic automobiles. Perfect for display, gifting, or building a stunning collection.","Premium 1:32 scale collectible car models crafted for enthusiasts and collectors. Designed with precision detailing, realistic proportions, and high-quality materials, these models capture the spirit of iconic automobiles. Perfect for display, gifting, or building a stunning collection."
275,32JJ340TE-BU,1:32 DC Tesla,Collectables,1:32,1799,1525,18,95030090,2249,20,25,In Stock,4WD,35 KM/H,Electric Brushed Motor,Rechargeable Li-ion Battery Pack (Included),2.4 GHz Multi-Channel Transmitter,18 × 9 × 9 cm,0.2 kg,8+ Years,N/A,N/A,0,"Premium 1:32 scale collectible car models crafted for enthusiasts and collectors. Designed with precision detailing, realistic proportions, and high-quality materials, these models capture the spirit of iconic automobiles. Perfect for display, gifting, or building a stunning collection.","Premium 1:32 scale collectible car models crafted for enthusiasts and collectors. Designed with precision detailing, realistic proportions, and high-quality materials, these models capture the spirit of iconic automobiles. Perfect for display, gifting, or building a stunning collection."
276,32JJ340TE-W,1:32 DC Tesla,Collectables,1:32,849,719,18,95030090,1061,20,25,In Stock,4WD,35 KM/H,Electric Brushed Motor,Rechargeable Li-ion Battery Pack (Included),2.4 GHz Multi-Channel Transmitter,18 × 9 × 9 cm,0.2 kg,8+ Years,N/A,N/A,0,"Premium 1:32 scale collectible car models crafted for enthusiasts and collectors. Designed with precision detailing, realistic proportions, and high-quality materials, these models capture the spirit of iconic automobiles. Perfect for display, gifting, or building a stunning collection.","Premium 1:32 scale collectible car models crafted for enthusiasts and collectors. Designed with precision detailing, realistic proportions, and high-quality materials, these models capture the spirit of iconic automobiles. Perfect for display, gifting, or building a stunning collection."
277,32JJ338MB-G,1:32 DC Mercedes Benz 300SL,Collectables,1:32,1799,1525,18,95030090,2249,20,25,In Stock,4WD,35 KM/H,Electric Brushed Motor,Rechargeable Li-ion Battery Pack (Included),2.4 GHz Multi-Channel Transmitter,18 × 9 × 9 cm,0.2 kg,8+ Years,N/A,N/A,0,"Premium 1:32 scale collectible car models crafted for enthusiasts and collectors. Designed with precision detailing, realistic proportions, and high-quality materials, these models capture the spirit of iconic automobiles. Perfect for display, gifting, or building a stunning collection.","Premium 1:32 scale collectible car models crafted for enthusiasts and collectors. Designed with precision detailing, realistic proportions, and high-quality materials, these models capture the spirit of iconic automobiles. Perfect for display, gifting, or building a stunning collection."
278,32JJ338MB-B,1:32 DC Mercedes Benz 300SL,Collectables,1:32,1799,1525,18,95030090,2249,20,25,In Stock,4WD,35 KM/H,Electric Brushed Motor,Rechargeable Li-ion Battery Pack (Included),2.4 GHz Multi-Channel Transmitter,18 × 9 × 9 cm,0.2 kg,8+ Years,N/A,N/A,0,"Premium 1:32 scale collectible car models crafted for enthusiasts and collectors. Designed with precision detailing, realistic proportions, and high-quality materials, these models capture the spirit of iconic automobiles. Perfect for display, gifting, or building a stunning collection.","Premium 1:32 scale collectible car models crafted for enthusiasts and collectors. Designed with precision detailing, realistic proportions, and high-quality materials, these models capture the spirit of iconic automobiles. Perfect for display, gifting, or building a stunning collection."
279,32JJ337LC-W,1:32 DC Land Cruiser LC300,Collectables,1:32,1799,1525,18,95030090,2249,20,25,In Stock,4WD,35 KM/H,Electric Brushed Motor,Rechargeable Li-ion Battery Pack (Included),2.4 GHz Multi-Channel Transmitter,18 × 9 × 9 cm,0.2 kg,8+ Years,N/A,N/A,0,"Premium 1:32 scale collectible car models crafted for enthusiasts and collectors. Designed with precision detailing, realistic proportions, and high-quality materials, these models capture the spirit of iconic automobiles. Perfect for display, gifting, or building a stunning collection.","Premium 1:32 scale collectible car models crafted for enthusiasts and collectors. Designed with precision detailing, realistic proportions, and high-quality materials, these models capture the spirit of iconic automobiles. Perfect for display, gifting, or building a stunning collection."
280,32JJ279RR-Y,1:32 DC Rolls Royce,Collectables,1:32,899,762,18,95030090,1124,20,25,In Stock,4WD,35 KM/H,Electric Brushed Motor,Rechargeable Li-ion Battery Pack (Included),2.4 GHz Multi-Channel Transmitter,18 × 9 × 9 cm,0.4 kg,8+ Years,N/A,N/A,0,"Premium 1:32 scale collectible car models crafted for enthusiasts and collectors. Designed with precision detailing, realistic proportions, and high-quality materials, these models capture the spirit of iconic automobiles. Perfect for display, gifting, or building a stunning collection.","Premium 1:32 scale collectible car models crafted for enthusiasts and collectors. Designed with precision detailing, realistic proportions, and high-quality materials, these models capture the spirit of iconic automobiles. Perfect for display, gifting, or building a stunning collection."
281,32JJ332MAS-Bu,1:32 DC Maserati MC20,Collectables,1:32,1799,1525,18,95030090,2249,20,25,In Stock,4WD,35 KM/H,Electric Brushed Motor,Rechargeable Li-ion Battery Pack (Included),2.4 GHz Multi-Channel Transmitter,18 × 9 × 9 cm,0.2 kg,8+ Years,N/A,N/A,0,"Premium 1:32 scale collectible car models crafted for enthusiasts and collectors. Designed with precision detailing, realistic proportions, and high-quality materials, these models capture the spirit of iconic automobiles. Perfect for display, gifting, or building a stunning collection.","Premium 1:32 scale collectible car models crafted for enthusiasts and collectors. Designed with precision detailing, realistic proportions, and high-quality materials, these models capture the spirit of iconic automobiles. Perfect for display, gifting, or building a stunning collection."
282,32JJ332MAS-W,1:32 DC Maserati MC20,Collectables,1:32,1799,1525,18,95030090,2249,20,25,In Stock,4WD,35 KM/H,Electric Brushed Motor,Rechargeable Li-ion Battery Pack (Included),2.4 GHz Multi-Channel Transmitter,18 × 9 × 9 cm,0.2 kg,8+ Years,N/A,N/A,0,"Premium 1:32 scale collectible car models crafted for enthusiasts and collectors. Designed with precision detailing, realistic proportions, and high-quality materials, these models capture the spirit of iconic automobiles. Perfect for display, gifting, or building a stunning collection.","Premium 1:32 scale collectible car models crafted for enthusiasts and collectors. Designed with precision detailing, realistic proportions, and high-quality materials, these models capture the spirit of iconic automobiles. Perfect for display, gifting, or building a stunning collection."
283,32JJ332MAS-Y,1:32 DC Maserati MC20,Collectables,1:32,1799,1525,18,95030090,2249,20,25,In Stock,4WD,35 KM/H,Electric Brushed Motor,Rechargeable Li-ion Battery Pack (Included),2.4 GHz Multi-Channel Transmitter,18 × 9 × 9 cm,0.2 kg,8+ Years,N/A,N/A,0,"Premium 1:32 scale collectible car models crafted for enthusiasts and collectors. Designed with precision detailing, realistic proportions, and high-quality materials, these models capture the spirit of iconic automobiles. Perfect for display, gifting, or building a stunning collection.","Premium 1:32 scale collectible car models crafted for enthusiasts and collectors. Designed with precision detailing, realistic proportions, and high-quality materials, these models capture the spirit of iconic automobiles. Perfect for display, gifting, or building a stunning collection."
284,32JJ206LR-Bu,1:32 Land Rover Collectible Model,Collectables,1:32,849,719,18,95030090,1061,20,25,In Stock,4WD,35 KM/H,Electric Brushed Motor,Rechargeable Li-ion Battery Pack (Included),2.4 GHz Multi-Channel Transmitter,18 × 9 × 9 cm,0.2 kg,8+ Years,N/A,N/A,0,"Premium 1:32 scale collectible car models crafted for enthusiasts and collectors. Designed with precision detailing, realistic proportions, and high-quality materials, these models capture the spirit of iconic automobiles. Perfect for display, gifting, or building a stunning collection.","Premium 1:32 scale collectible car models crafted for enthusiasts and collectors. Designed with precision detailing, realistic proportions, and high-quality materials, these models capture the spirit of iconic automobiles. Perfect for display, gifting, or building a stunning collection."
285,32JJ207LR-R,1:32 Range Rover Collectible Model,Collectables,1:32,849,719,18,95030090,1061,20,25,In Stock,4WD,35 KM/H,Electric Brushed Motor,Rechargeable Li-ion Battery Pack (Included),2.4 GHz Multi-Channel Transmitter,18 × 9 × 9 cm,0.2 kg,8+ Years,N/A,N/A,0,"Premium 1:32 scale collectible car models crafted for enthusiasts and collectors. Designed with precision detailing, realistic proportions, and high-quality materials, these models capture the spirit of iconic automobiles. Perfect for display, gifting, or building a stunning collection.","Premium 1:32 scale collectible car models crafted for enthusiasts and collectors. Designed with precision detailing, realistic proportions, and high-quality materials, these models capture the spirit of iconic automobiles. Perfect for display, gifting, or building a stunning collection."
286,32JJ207LR-W,1:32 Range Rover Collectible Model,Collectables,1:32,849,719,18,95030090,1061,20,25,In Stock,4WD,35 KM/H,Electric Brushed Motor,Rechargeable Li-ion Battery Pack (Included),2.4 GHz Multi-Channel Transmitter,18 × 9 × 9 cm,0.2 kg,8+ Years,N/A,N/A,0,"Premium 1:32 scale collectible car models crafted for enthusiasts and collectors. Designed with precision detailing, realistic proportions, and high-quality materials, these models capture the spirit of iconic automobiles. Perfect for display, gifting, or building a stunning collection.","Premium 1:32 scale collectible car models crafted for enthusiasts and collectors. Designed with precision detailing, realistic proportions, and high-quality materials, these models capture the spirit of iconic automobiles. Perfect for display, gifting, or building a stunning collection."
287,32JJ240TC-B,1:32 DC Tesla Cybertruck,Collectables,1:32,849,719,18,95030090,1061,20,25,In Stock,4WD,35 KM/H,Electric Brushed Motor,Rechargeable Li-ion Battery Pack (Included),2.4 GHz Multi-Channel Transmitter,18 × 9 × 9 cm,0.2 kg,8+ Years,N/A,N/A,0,"Premium 1:32 scale collectible car models crafted for enthusiasts and collectors. Designed with precision detailing, realistic proportions, and high-quality materials, these models capture the spirit of iconic automobiles. Perfect for display, gifting, or building a stunning collection.","Premium 1:32 scale collectible car models crafted for enthusiasts and collectors. Designed with precision detailing, realistic proportions, and high-quality materials, these models capture the spirit of iconic automobiles. Perfect for display, gifting, or building a stunning collection."
288,32JJ240TC-G,1:32 DC Tesla Cybertruck,Collectables,1:32,849,719,18,95030090,1061,20,25,In Stock,4WD,35 KM/H,Electric Brushed Motor,Rechargeable Li-ion Battery Pack (Included),2.4 GHz Multi-Channel Transmitter,18 × 9 × 9 cm,0.2 kg,8+ Years,N/A,N/A,0,"Premium 1:32 scale collectible car models crafted for enthusiasts and collectors. Designed with precision detailing, realistic proportions, and high-quality materials, these models capture the spirit of iconic automobiles. Perfect for display, gifting, or building a stunning collection.","Premium 1:32 scale collectible car models crafted for enthusiasts and collectors. Designed with precision detailing, realistic proportions, and high-quality materials, these models capture the spirit of iconic automobiles. Perfect for display, gifting, or building a stunning collection."
289,32JJ240TC-Gr,1:32 DC Tesla Cybertruck,Collectables,1:32,849,719,18,95030090,1061,20,25,In Stock,4WD,35 KM/H,Electric Brushed Motor,Rechargeable Li-ion Battery Pack (Included),2.4 GHz Multi-Channel Transmitter,18 × 9 × 9 cm,0.2 kg,8+ Years,N/A,N/A,0,"Premium 1:32 scale collectible car models crafted for enthusiasts and collectors. Designed with precision detailing, realistic proportions, and high-quality materials, these models capture the spirit of iconic automobiles. Perfect for display, gifting, or building a stunning collection.","Premium 1:32 scale collectible car models crafted for enthusiasts and collectors. Designed with precision detailing, realistic proportions, and high-quality materials, these models capture the spirit of iconic automobiles. Perfect for display, gifting, or building a stunning collection."
290,32JJ245APP-R,1:32 DC Apollo EVO Sports,Collectables,1:32,899,762,18,95030090,1124,20,25,In Stock,4WD,35 KM/H,Electric Brushed Motor,Rechargeable Li-ion Battery Pack (Included),2.4 GHz Multi-Channel Transmitter,18 × 9 × 9 cm,1 kg,8+ Years,N/A,N/A,0,"Premium 1:32 scale collectible car models crafted for enthusiasts and collectors. Designed with precision detailing, realistic proportions, and high-quality materials, these models capture the spirit of iconic automobiles. Perfect for display, gifting, or building a stunning collection.","Premium 1:32 scale collectible car models crafted for enthusiasts and collectors. Designed with precision detailing, realistic proportions, and high-quality materials, these models capture the spirit of iconic automobiles. Perfect for display, gifting, or building a stunning collection."
291,32JJ245APP-B,1:32 DC Apollo EVO Sports,Collectables,1:32,899,762,18,95030090,1124,20,25,In Stock,4WD,35 KM/H,Electric Brushed Motor,Rechargeable Li-ion Battery Pack (Included),2.4 GHz Multi-Channel Transmitter,18 × 9 × 9 cm,0.5 kg,8+ Years,N/A,N/A,0,"Premium 1:32 scale collectible car models crafted for enthusiasts and collectors. Designed with precision detailing, realistic proportions, and high-quality materials, these models capture the spirit of iconic automobiles. Perfect for display, gifting, or building a stunning collection.","Premium 1:32 scale collectible car models crafted for enthusiasts and collectors. Designed with precision detailing, realistic proportions, and high-quality materials, these models capture the spirit of iconic automobiles. Perfect for display, gifting, or building a stunning collection."
292,32JJ245APP-O,1:32 DC Apollo EVO Sports,Collectables,1:32,899,762,18,95030090,1124,20,25,In Stock,4WD,35 KM/H,Electric Brushed Motor,Rechargeable Li-ion Battery Pack (Included),2.4 GHz Multi-Channel Transmitter,18 × 9 × 9 cm,0.5 kg,8+ Years,N/A,N/A,0,"Premium 1:32 scale collectible car models crafted for enthusiasts and collectors. Designed with precision detailing, realistic proportions, and high-quality materials, these models capture the spirit of iconic automobiles. Perfect for display, gifting, or building a stunning collection.","Premium 1:32 scale collectible car models crafted for enthusiasts and collectors. Designed with precision detailing, realistic proportions, and high-quality materials, these models capture the spirit of iconic automobiles. Perfect for display, gifting, or building a stunning collection."
293,32JJ277LA-R,1:32 DC Lamborghini LP670,Collectables,1:32,899,762,18,95030090,1124,20,25,In Stock,4WD,35 KM/H,Electric Brushed Motor,Rechargeable Li-ion Battery Pack (Included),2.4 GHz Multi-Channel Transmitter,18 × 9 × 9 cm,0.4 kg,8+ Years,N/A,N/A,0,"Premium 1:32 scale collectible car models crafted for enthusiasts and collectors. Designed with precision detailing, realistic proportions, and high-quality materials, these models capture the spirit of iconic automobiles. Perfect for display, gifting, or building a stunning collection.","Premium 1:32 scale collectible car models crafted for enthusiasts and collectors. Designed with precision detailing, realistic proportions, and high-quality materials, these models capture the spirit of iconic automobiles. Perfect for display, gifting, or building a stunning collection."
294,32JJ277LA-G,1:32 DC Lamborghini LP670,Collectables,1:32,899,762,18,95030090,1124,20,25,In Stock,4WD,35 KM/H,Electric Brushed Motor,Rechargeable Li-ion Battery Pack (Included),2.4 GHz Multi-Channel Transmitter,18 × 9 × 9 cm,0.4 kg,8+ Years,N/A,N/A,0,"Premium 1:32 scale collectible car models crafted for enthusiasts and collectors. Designed with precision detailing, realistic proportions, and high-quality materials, these models capture the spirit of iconic automobiles. Perfect for display, gifting, or building a stunning collection.","Premium 1:32 scale collectible car models crafted for enthusiasts and collectors. Designed with precision detailing, realistic proportions, and high-quality materials, these models capture the spirit of iconic automobiles. Perfect for display, gifting, or building a stunning collection."
295,32JJ277LA-Y,1:32 DC Lamborghini LP670,Collectables,1:32,899,762,18,95030090,1124,20,25,In Stock,4WD,35 KM/H,Electric Brushed Motor,Rechargeable Li-ion Battery Pack (Included),2.4 GHz Multi-Channel Transmitter,18 × 9 × 9 cm,0.4 kg,8+ Years,N/A,N/A,0,"Premium 1:32 scale collectible car models crafted for enthusiasts and collectors. Designed with precision detailing, realistic proportions, and high-quality materials, these models capture the spirit of iconic automobiles. Perfect for display, gifting, or building a stunning collection.","Premium 1:32 scale collectible car models crafted for enthusiasts and collectors. Designed with precision detailing, realistic proportions, and high-quality materials, these models capture the spirit of iconic automobiles. Perfect for display, gifting, or building a stunning collection."
296,32JJ242BU-R,1:32 DC Bugatti,Collectables,1:32,849,719,18,95030090,1061,20,25,In Stock,4WD,35 KM/H,Electric Brushed Motor,Rechargeable Li-ion Battery Pack (Included),2.4 GHz Multi-Channel Transmitter,18 × 9 × 9 cm,0.2 kg,8+ Years,N/A,N/A,0,"Premium 1:32 scale collectible car models crafted for enthusiasts and collectors. Designed with precision detailing, realistic proportions, and high-quality materials, these models capture the spirit of iconic automobiles. Perfect for display, gifting, or building a stunning collection.","Premium 1:32 scale collectible car models crafted for enthusiasts and collectors. Designed with precision detailing, realistic proportions, and high-quality materials, these models capture the spirit of iconic automobiles. Perfect for display, gifting, or building a stunning collection."
297,32JJ242BU-W,1:32 DC Bugatti,Collectables,1:32,849,719,18,95030090,1061,20,25,In Stock,4WD,35 KM/H,Electric Brushed Motor,Rechargeable Li-ion Battery Pack (Included),2.4 GHz Multi-Channel Transmitter,18 × 9 × 9 cm,0.2 kg,8+ Years,N/A,N/A,0,"Premium 1:32 scale collectible car models crafted for enthusiasts and collectors. Designed with precision detailing, realistic proportions, and high-quality materials, these models capture the spirit of iconic automobiles. Perfect for display, gifting, or building a stunning collection.","Premium 1:32 scale collectible car models crafted for enthusiasts and collectors. Designed with precision detailing, realistic proportions, and high-quality materials, these models capture the spirit of iconic automobiles. Perfect for display, gifting, or building a stunning collection."
298,32JJ284BM-Bu,1:32 BMW I8,Collectables,1:32,849,719,18,95030090,1061,20,25,In Stock,4WD,35 KM/H,Electric Brushed Motor,Rechargeable Li-ion Battery Pack (Included),2.4 GHz Multi-Channel Transmitter,18 × 9 × 9 cm,0.2 kg,8+ Years,N/A,N/A,0,"Premium 1:32 scale collectible car models crafted for enthusiasts and collectors. Designed with precision detailing, realistic proportions, and high-quality materials, these models capture the spirit of iconic automobiles. Perfect for display, gifting, or building a stunning collection.","Premium 1:32 scale collectible car models crafted for enthusiasts and collectors. Designed with precision detailing, realistic proportions, and high-quality materials, these models capture the spirit of iconic automobiles. Perfect for display, gifting, or building a stunning collection."
299,32JJ284BM-R,1:32 BMW I8,Collectables,1:32,849,719,18,95030090,1061,20,25,In Stock,4WD,35 KM/H,Electric Brushed Motor,Rechargeable Li-ion Battery Pack (Included),2.4 GHz Multi-Channel Transmitter,18 × 9 × 9 cm,0.2 kg,8+ Years,N/A,N/A,0,"Premium 1:32 scale collectible car models crafted for enthusiasts and collectors. Designed with precision detailing, realistic proportions, and high-quality materials, these models capture the spirit of iconic automobiles. Perfect for display, gifting, or building a stunning collection.","Premium 1:32 scale collectible car models crafted for enthusiasts and collectors. Designed with precision detailing, realistic proportions, and high-quality materials, these models capture the spirit of iconic automobiles. Perfect for display, gifting, or building a stunning collection."
300,32JJ284BM-W,1:32 BMW I8,Collectables,1:32,849,719,18,95030090,1061,20,25,In Stock,4WD,35 KM/H,Electric Brushed Motor,Rechargeable Li-ion Battery Pack (Included),2.4 GHz Multi-Channel Transmitter,18 × 9 × 9 cm,0.2 kg,8+ Years,N/A,N/A,0,"Premium 1:32 scale collectible car models crafted for enthusiasts and collectors. Designed with precision detailing, realistic proportions, and high-quality materials, these models capture the spirit of iconic automobiles. Perfect for display, gifting, or building a stunning collection.","Premium 1:32 scale collectible car models crafted for enthusiasts and collectors. Designed with precision detailing, realistic proportions, and high-quality materials, these models capture the spirit of iconic automobiles. Perfect for display, gifting, or building a stunning collection."
301,32JJ291BU-R,1:32 DC Bugatti Divo Custom Edition,Collectables,1:32,1799,1525,18,95030090,2249,20,25,In Stock,4WD,35 KM/H,Electric Brushed Motor,Rechargeable Li-ion Battery Pack (Included),2.4 GHz Multi-Channel Transmitter,18 × 9 × 9 cm,0.2 kg,8+ Years,N/A,N/A,0,"Premium 1:32 scale collectible car models crafted for enthusiasts and collectors. Designed with precision detailing, realistic proportions, and high-quality materials, these models capture the spirit of iconic automobiles. Perfect for display, gifting, or building a stunning collection.","Premium 1:32 scale collectible car models crafted for enthusiasts and collectors. Designed with precision detailing, realistic proportions, and high-quality materials, these models capture the spirit of iconic automobiles. Perfect for display, gifting, or building a stunning collection."
302,32JJ286H-R,1:32 DC Hellcat,Collectables,1:32,849,719,18,95030090,1061,20,25,In Stock,4WD,35 KM/H,Electric Brushed Motor,Rechargeable Li-ion Battery Pack (Included),2.4 GHz Multi-Channel Transmitter,18 × 9 × 9 cm,0.2 kg,8+ Years,N/A,N/A,0,"Premium 1:32 scale collectible car models crafted for enthusiasts and collectors. Designed with precision detailing, realistic proportions, and high-quality materials, these models capture the spirit of iconic automobiles. Perfect for display, gifting, or building a stunning collection.","Premium 1:32 scale collectible car models crafted for enthusiasts and collectors. Designed with precision detailing, realistic proportions, and high-quality materials, these models capture the spirit of iconic automobiles. Perfect for display, gifting, or building a stunning collection."
303,32JJ290FF-B,1:32 DC Ferrari FXX K,Collectables,1:32,849,719,18,95030090,1061,20,25,In Stock,4WD,35 KM/H,Electric Brushed Motor,Rechargeable Li-ion Battery Pack (Included),2.4 GHz Multi-Channel Transmitter,18 × 9 × 9 cm,0.2 kg,8+ Years,N/A,N/A,0,"Premium 1:32 scale collectible car models crafted for enthusiasts and collectors. Designed with precision detailing, realistic proportions, and high-quality materials, these models capture the spirit of iconic automobiles. Perfect for display, gifting, or building a stunning collection.","Premium 1:32 scale collectible car models crafted for enthusiasts and collectors. Designed with precision detailing, realistic proportions, and high-quality materials, these models capture the spirit of iconic automobiles. Perfect for display, gifting, or building a stunning collection."
304,32JJ290FF-R,1:32 DC Ferrari FXX K,Collectables,1:32,849,719,18,95030090,1061,20,25,In Stock,4WD,35 KM/H,Electric Brushed Motor,Rechargeable Li-ion Battery Pack (Included),2.4 GHz Multi-Channel Transmitter,18 × 9 × 9 cm,0.2 kg,8+ Years,N/A,N/A,0,"Premium 1:32 scale collectible car models crafted for enthusiasts and collectors. Designed with precision detailing, realistic proportions, and high-quality materials, these models capture the spirit of iconic automobiles. Perfect for display, gifting, or building a stunning collection.","Premium 1:32 scale collectible car models crafted for enthusiasts and collectors. Designed with precision detailing, realistic proportions, and high-quality materials, these models capture the spirit of iconic automobiles. Perfect for display, gifting, or building a stunning collection."
305,32JJ290FF-W,1:32 DC Ferrari FXX K,Collectables,1:32,1799,1525,18,95030090,2249,20,25,In Stock,4WD,35 KM/H,Electric Brushed Motor,Rechargeable Li-ion Battery Pack (Included),2.4 GHz Multi-Channel Transmitter,18 × 9 × 9 cm,0.2 kg,8+ Years,N/A,N/A,0,"Premium 1:32 scale collectible car models crafted for enthusiasts and collectors. Designed with precision detailing, realistic proportions, and high-quality materials, these models capture the spirit of iconic automobiles. Perfect for display, gifting, or building a stunning collection.","Premium 1:32 scale collectible car models crafted for enthusiasts and collectors. Designed with precision detailing, realistic proportions, and high-quality materials, these models capture the spirit of iconic automobiles. Perfect for display, gifting, or building a stunning collection."
306,32JJ287LS-B,1:32 Lamborghini Sian,Collectables,1:32,1799,1525,18,95030090,2249,20,25,In Stock,4WD,35 KM/H,Electric Brushed Motor,Rechargeable Li-ion Battery Pack (Included),2.4 GHz Multi-Channel Transmitter,18 × 9 × 9 cm,0.2 kg,8+ Years,N/A,N/A,0,"Premium 1:32 scale collectible car models crafted for enthusiasts and collectors. Designed with precision detailing, realistic proportions, and high-quality materials, these models capture the spirit of iconic automobiles. Perfect for display, gifting, or building a stunning collection.","Premium 1:32 scale collectible car models crafted for enthusiasts and collectors. Designed with precision detailing, realistic proportions, and high-quality materials, these models capture the spirit of iconic automobiles. Perfect for display, gifting, or building a stunning collection."
307,32JJ287LS-BU,1:32 Lamborghini Sian,Collectables,1:32,849,719,18,95030090,1061,20,25,In Stock,4WD,35 KM/H,Electric Brushed Motor,Rechargeable Li-ion Battery Pack (Included),2.4 GHz Multi-Channel Transmitter,18 × 9 × 9 cm,0.2 kg,8+ Years,N/A,N/A,0,"Premium 1:32 scale collectible car models crafted for enthusiasts and collectors. Designed with precision detailing, realistic proportions, and high-quality materials, these models capture the spirit of iconic automobiles. Perfect for display, gifting, or building a stunning collection.","Premium 1:32 scale collectible car models crafted for enthusiasts and collectors. Designed with precision detailing, realistic proportions, and high-quality materials, these models capture the spirit of iconic automobiles. Perfect for display, gifting, or building a stunning collection."
308,32JJ288Lam-R,1:32 DC Lamborghini V12,Collectables,1:32,849,719,18,95030090,1061,20,25,In Stock,4WD,35 KM/H,Electric Brushed Motor,Rechargeable Li-ion Battery Pack (Included),2.4 GHz Multi-Channel Transmitter,18 × 9 × 9 cm,0.2 kg,8+ Years,N/A,N/A,0,"Premium 1:32 scale collectible car models crafted for enthusiasts and collectors. Designed with precision detailing, realistic proportions, and high-quality materials, these models capture the spirit of iconic automobiles. Perfect for display, gifting, or building a stunning collection.","Premium 1:32 scale collectible car models crafted for enthusiasts and collectors. Designed with precision detailing, realistic proportions, and high-quality materials, these models capture the spirit of iconic automobiles. Perfect for display, gifting, or building a stunning collection."
309,32JJ292Fe-R,1:32 DC Ferrari P80:C,Collectables,1:32,849,719,18,95030090,1061,20,25,In Stock,4WD,35 KM/H,Electric Brushed Motor,Rechargeable Li-ion Battery Pack (Included),2.4 GHz Multi-Channel Transmitter,18 × 9 × 9 cm,0.2 kg,8+ Years,N/A,N/A,0,"Premium 1:32 scale collectible car models crafted for enthusiasts and collectors. Designed with precision detailing, realistic proportions, and high-quality materials, these models capture the spirit of iconic automobiles. Perfect for display, gifting, or building a stunning collection.","Premium 1:32 scale collectible car models crafted for enthusiasts and collectors. Designed with precision detailing, realistic proportions, and high-quality materials, these models capture the spirit of iconic automobiles. Perfect for display, gifting, or building a stunning collection."
310,32JJ294Lam-B,1:32 DC Lamborghini Sianroadster,Collectables,1:32,849,719,18,95030090,1061,20,25,In Stock,4WD,35 KM/H,Electric Brushed Motor,Rechargeable Li-ion Battery Pack (Included),2.4 GHz Multi-Channel Transmitter,18 × 9 × 9 cm,0.2 kg,8+ Years,N/A,N/A,0,"Premium 1:32 scale collectible car models crafted for enthusiasts and collectors. Designed with precision detailing, realistic proportions, and high-quality materials, these models capture the spirit of iconic automobiles. Perfect for display, gifting, or building a stunning collection.","Premium 1:32 scale collectible car models crafted for enthusiasts and collectors. Designed with precision detailing, realistic proportions, and high-quality materials, these models capture the spirit of iconic automobiles. Perfect for display, gifting, or building a stunning collection."
311,32JJ294Lam-BU,1:32 DC Lamborghini Sianroadster,Collectables,1:32,849,719,18,95030090,1061,20,25,In Stock,4WD,35 KM/H,Electric Brushed Motor,Rechargeable Li-ion Battery Pack (Included),2.4 GHz Multi-Channel Transmitter,18 × 9 × 9 cm,0.2 kg,8+ Years,N/A,N/A,0,"Premium 1:32 scale collectible car models crafted for enthusiasts and collectors. Designed with precision detailing, realistic proportions, and high-quality materials, these models capture the spirit of iconic automobiles. Perfect for display, gifting, or building a stunning collection.","Premium 1:32 scale collectible car models crafted for enthusiasts and collectors. Designed with precision detailing, realistic proportions, and high-quality materials, these models capture the spirit of iconic automobiles. Perfect for display, gifting, or building a stunning collection."
312,32JJ295Fe-R,1:32 DC Ferrari 488 Track,Collectables,1:32,849,719,18,95030090,1061,20,25,In Stock,4WD,35 KM/H,Electric Brushed Motor,Rechargeable Li-ion Battery Pack (Included),2.4 GHz Multi-Channel Transmitter,18 × 9 × 9 cm,0.2 kg,8+ Years,N/A,N/A,0,"Premium 1:32 scale collectible car models crafted for enthusiasts and collectors. Designed with precision detailing, realistic proportions, and high-quality materials, these models capture the spirit of iconic automobiles. Perfect for display, gifting, or building a stunning collection.","Premium 1:32 scale collectible car models crafted for enthusiasts and collectors. Designed with precision detailing, realistic proportions, and high-quality materials, these models capture the spirit of iconic automobiles. Perfect for display, gifting, or building a stunning collection."
313,32JJ296Fe-Bu,1:32 DC Ferrari J50,Collectables,1:32,849,719,18,95030090,1061,20,25,In Stock,4WD,35 KM/H,Electric Brushed Motor,Rechargeable Li-ion Battery Pack (Included),2.4 GHz Multi-Channel Transmitter,18 × 9 × 9 cm,0.2 kg,8+ Years,N/A,N/A,0,"Premium 1:32 scale collectible car models crafted for enthusiasts and collectors. Designed with precision detailing, realistic proportions, and high-quality materials, these models capture the spirit of iconic automobiles. Perfect for display, gifting, or building a stunning collection.","Premium 1:32 scale collectible car models crafted for enthusiasts and collectors. Designed with precision detailing, realistic proportions, and high-quality materials, these models capture the spirit of iconic automobiles. Perfect for display, gifting, or building a stunning collection."
314,32JJ297MB-R,1:32 DC Mercedes SLS AMG,Collectables,1:32,849,719,18,95030090,1061,20,25,In Stock,4WD,35 KM/H,Electric Brushed Motor,Rechargeable Li-ion Battery Pack (Included),2.4 GHz Multi-Channel Transmitter,18 × 9 × 9 cm,0.2 kg,8+ Years,N/A,N/A,0,"Premium 1:32 scale collectible car models crafted for enthusiasts and collectors. Designed with precision detailing, realistic proportions, and high-quality materials, these models capture the spirit of iconic automobiles. Perfect for display, gifting, or building a stunning collection.","Premium 1:32 scale collectible car models crafted for enthusiasts and collectors. Designed with precision detailing, realistic proportions, and high-quality materials, these models capture the spirit of iconic automobiles. Perfect for display, gifting, or building a stunning collection."
315,32JJ297MB-B,1:32 DC Mercedes SLS AMG,Collectables,1:32,1799,1525,18,95030090,2249,20,25,In Stock,4WD,35 KM/H,Electric Brushed Motor,Rechargeable Li-ion Battery Pack (Included),2.4 GHz Multi-Channel Transmitter,18 × 9 × 9 cm,0.2 kg,8+ Years,N/A,N/A,0,"Premium 1:32 scale collectible car models crafted for enthusiasts and collectors. Designed with precision detailing, realistic proportions, and high-quality materials, these models capture the spirit of iconic automobiles. Perfect for display, gifting, or building a stunning collection.","Premium 1:32 scale collectible car models crafted for enthusiasts and collectors. Designed with precision detailing, realistic proportions, and high-quality materials, these models capture the spirit of iconic automobiles. Perfect for display, gifting, or building a stunning collection."
316,32JJ297MB-Y,1:32 DC Mercedes SLS AMG,Collectables,1:32,1799,1525,18,95030090,2249,20,25,In Stock,4WD,35 KM/H,Electric Brushed Motor,Rechargeable Li-ion Battery Pack (Included),2.4 GHz Multi-Channel Transmitter,18 × 9 × 9 cm,0.2 kg,8+ Years,N/A,N/A,0,"Premium 1:32 scale collectible car models crafted for enthusiasts and collectors. Designed with precision detailing, realistic proportions, and high-quality materials, these models capture the spirit of iconic automobiles. Perfect for display, gifting, or building a stunning collection.","Premium 1:32 scale collectible car models crafted for enthusiasts and collectors. Designed with precision detailing, realistic proportions, and high-quality materials, these models capture the spirit of iconic automobiles. Perfect for display, gifting, or building a stunning collection."
317,32JJ300PO-B,1:32 DC Porsche 911 RSR,Collectables,1:32,1799,1525,18,95030090,2249,20,25,In Stock,4WD,35 KM/H,Electric Brushed Motor,Rechargeable Li-ion Battery Pack (Included),2.4 GHz Multi-Channel Transmitter,18 × 9 × 9 cm,0.2 kg,8+ Years,N/A,N/A,0,"Premium 1:32 scale collectible car models crafted for enthusiasts and collectors. Designed with precision detailing, realistic proportions, and high-quality materials, these models capture the spirit of iconic automobiles. Perfect for display, gifting, or building a stunning collection.","Premium 1:32 scale collectible car models crafted for enthusiasts and collectors. Designed with precision detailing, realistic proportions, and high-quality materials, these models capture the spirit of iconic automobiles. Perfect for display, gifting, or building a stunning collection."
318,32JJ303PCD-R,1:32 DC Paghani Chinese Dragon,Collectables,1:32,849,719,18,95030090,1061,20,25,In Stock,4WD,35 KM/H,Electric Brushed Motor,Rechargeable Li-ion Battery Pack (Included),2.4 GHz Multi-Channel Transmitter,18 × 9 × 9 cm,0.2 kg,8+ Years,N/A,N/A,0,"Premium 1:32 scale collectible car models crafted for enthusiasts and collectors. Designed with precision detailing, realistic proportions, and high-quality materials, these models capture the spirit of iconic automobiles. Perfect for display, gifting, or building a stunning collection.","Premium 1:32 scale collectible car models crafted for enthusiasts and collectors. Designed with precision detailing, realistic proportions, and high-quality materials, these models capture the spirit of iconic automobiles. Perfect for display, gifting, or building a stunning collection."
319,32JJ303PCD-BU,1:32 DC Paghani Chinese Dragon,Collectables,1:32,849,719,18,95030090,1061,20,25,In Stock,4WD,35 KM/H,Electric Brushed Motor,Rechargeable Li-ion Battery Pack (Included),2.4 GHz Multi-Channel Transmitter,18 × 9 × 9 cm,0.2 kg,8+ Years,N/A,N/A,0,"Premium 1:32 scale collectible car models crafted for enthusiasts and collectors. Designed with precision detailing, realistic proportions, and high-quality materials, these models capture the spirit of iconic automobiles. Perfect for display, gifting, or building a stunning collection.","Premium 1:32 scale collectible car models crafted for enthusiasts and collectors. Designed with precision detailing, realistic proportions, and high-quality materials, these models capture the spirit of iconic automobiles. Perfect for display, gifting, or building a stunning collection."
320,32JJ303PCD-P,1:32 DC Paghani Chinese Dragon,Collectables,1:32,849,719,18,95030090,1061,20,25,In Stock,4WD,35 KM/H,Electric Brushed Motor,Rechargeable Li-ion Battery Pack (Included),2.4 GHz Multi-Channel Transmitter,18 × 9 × 9 cm,0.2 kg,8+ Years,N/A,N/A,0,"Premium 1:32 scale collectible car models crafted for enthusiasts and collectors. Designed with precision detailing, realistic proportions, and high-quality materials, these models capture the spirit of iconic automobiles. Perfect for display, gifting, or building a stunning collection.","Premium 1:32 scale collectible car models crafted for enthusiasts and collectors. Designed with precision detailing, realistic proportions, and high-quality materials, these models capture the spirit of iconic automobiles. Perfect for display, gifting, or building a stunning collection."
321,32JJ280BYD-R,1:32 DC BYD Looks Up to U8,Collectables,1:32,899,762,18,95030090,1124,20,25,In Stock,4WD,35 KM/H,Electric Brushed Motor,Rechargeable Li-ion Battery Pack (Included),2.4 GHz Multi-Channel Transmitter,18 × 9 × 9 cm,0.4 kg,8+ Years,N/A,N/A,0,"Premium 1:32 scale collectible car models crafted for enthusiasts and collectors. Designed with precision detailing, realistic proportions, and high-quality materials, these models capture the spirit of iconic automobiles. Perfect for display, gifting, or building a stunning collection.","Premium 1:32 scale collectible car models crafted for enthusiasts and collectors. Designed with precision detailing, realistic proportions, and high-quality materials, these models capture the spirit of iconic automobiles. Perfect for display, gifting, or building a stunning collection."
322,32JJ280BYD-MY,1:32 DC BYD Looks Up to U8,Collectables,1:32,899,762,18,95030090,1124,20,25,In Stock,4WD,35 KM/H,Electric Brushed Motor,Rechargeable Li-ion Battery Pack (Included),2.4 GHz Multi-Channel Transmitter,18 × 9 × 9 cm,0.4 kg,8+ Years,N/A,N/A,0,"Premium 1:32 scale collectible car models crafted for enthusiasts and collectors. Designed with precision detailing, realistic proportions, and high-quality materials, these models capture the spirit of iconic automobiles. Perfect for display, gifting, or building a stunning collection.","Premium 1:32 scale collectible car models crafted for enthusiasts and collectors. Designed with precision detailing, realistic proportions, and high-quality materials, these models capture the spirit of iconic automobiles. Perfect for display, gifting, or building a stunning collection."
323,32JJ298PC-B,1:32 DC Porsche Cayenne,Collectables,1:32,1799,1525,18,95030090,2249,20,25,In Stock,4WD,35 KM/H,Electric Brushed Motor,Rechargeable Li-ion Battery Pack (Included),2.4 GHz Multi-Channel Transmitter,18 × 9 × 9 cm,0.2 kg,8+ Years,N/A,N/A,0,"Premium 1:32 scale collectible car models crafted for enthusiasts and collectors. Designed with precision detailing, realistic proportions, and high-quality materials, these models capture the spirit of iconic automobiles. Perfect for display, gifting, or building a stunning collection.","Premium 1:32 scale collectible car models crafted for enthusiasts and collectors. Designed with precision detailing, realistic proportions, and high-quality materials, these models capture the spirit of iconic automobiles. Perfect for display, gifting, or building a stunning collection."
324,32JJ298PC-R,1:32 DC Porsche Cayenne,Collectables,1:32,1799,1525,18,95030090,2249,20,25,In Stock,4WD,35 KM/H,Electric Brushed Motor,Rechargeable Li-ion Battery Pack (Included),2.4 GHz Multi-Channel Transmitter,18 × 9 × 9 cm,0.2 kg,8+ Years,N/A,N/A,0,"Premium 1:32 scale collectible car models crafted for enthusiasts and collectors. Designed with precision detailing, realistic proportions, and high-quality materials, these models capture the spirit of iconic automobiles. Perfect for display, gifting, or building a stunning collection.","Premium 1:32 scale collectible car models crafted for enthusiasts and collectors. Designed with precision detailing, realistic proportions, and high-quality materials, these models capture the spirit of iconic automobiles. Perfect for display, gifting, or building a stunning collection."
325,32JJ299MAG-B,1:32 DC Mercedes AMG GT63S,Collectables,1:32,1799,1525,18,95030090,2249,20,25,In Stock,4WD,35 KM/H,Electric Brushed Motor,Rechargeable Li-ion Battery Pack (Included),2.4 GHz Multi-Channel Transmitter,18 × 9 × 9 cm,0.2 kg,8+ Years,N/A,N/A,0,"Premium 1:32 scale collectible car models crafted for enthusiasts and collectors. Designed with precision detailing, realistic proportions, and high-quality materials, these models capture the spirit of iconic automobiles. Perfect for display, gifting, or building a stunning collection.","Premium 1:32 scale collectible car models crafted for enthusiasts and collectors. Designed with precision detailing, realistic proportions, and high-quality materials, these models capture the spirit of iconic automobiles. Perfect for display, gifting, or building a stunning collection."
326,32JJ299MAG-Bu,1:32 DC Mercedes AMG GT63S,Collectables,1:32,1799,1525,18,95030090,2249,20,25,In Stock,4WD,35 KM/H,Electric Brushed Motor,Rechargeable Li-ion Battery Pack (Included),2.4 GHz Multi-Channel Transmitter,18 × 9 × 9 cm,0.2 kg,8+ Years,N/A,N/A,0,"Premium 1:32 scale collectible car models crafted for enthusiasts and collectors. Designed with precision detailing, realistic proportions, and high-quality materials, these models capture the spirit of iconic automobiles. Perfect for display, gifting, or building a stunning collection.","Premium 1:32 scale collectible car models crafted for enthusiasts and collectors. Designed with precision detailing, realistic proportions, and high-quality materials, these models capture the spirit of iconic automobiles. Perfect for display, gifting, or building a stunning collection."
327,32JJ283MBG-B,1:32 DC Mercedes Benz GLE G63,Collectables,1:32,849,719,18,95030090,1061,20,25,In Stock,4WD,35 KM/H,Electric Brushed Motor,Rechargeable Li-ion Battery Pack (Included),2.4 GHz Multi-Channel Transmitter,18 × 9 × 9 cm,0.2 kg,8+ Years,N/A,N/A,0,"Premium 1:32 scale collectible car models crafted for enthusiasts and collectors. Designed with precision detailing, realistic proportions, and high-quality materials, these models capture the spirit of iconic automobiles. Perfect for display, gifting, or building a stunning collection.","Premium 1:32 scale collectible car models crafted for enthusiasts and collectors. Designed with precision detailing, realistic proportions, and high-quality materials, these models capture the spirit of iconic automobiles. Perfect for display, gifting, or building a stunning collection."
328,32JJ283MBG-R,1:32 DC Mercedes Benz GLE G63,Collectables,1:32,1799,1525,18,95030090,2249,20,25,In Stock,4WD,35 KM/H,Electric Brushed Motor,Rechargeable Li-ion Battery Pack (Included),2.4 GHz Multi-Channel Transmitter,18 × 9 × 9 cm,0.2 kg,8+ Years,N/A,N/A,0,"Premium 1:32 scale collectible car models crafted for enthusiasts and collectors. Designed with precision detailing, realistic proportions, and high-quality materials, these models capture the spirit of iconic automobiles. Perfect for display, gifting, or building a stunning collection.","Premium 1:32 scale collectible car models crafted for enthusiasts and collectors. Designed with precision detailing, realistic proportions, and high-quality materials, these models capture the spirit of iconic automobiles. Perfect for display, gifting, or building a stunning collection."
329,32JJ283MBG-W,1:32 DC Mercedes Benz GLE G63,Collectables,1:32,1799,1525,18,95030090,2249,20,25,In Stock,4WD,35 KM/H,Electric Brushed Motor,Rechargeable Li-ion Battery Pack (Included),2.4 GHz Multi-Channel Transmitter,18 × 9 × 9 cm,0.2 kg,8+ Years,N/A,N/A,0,"Premium 1:32 scale collectible car models crafted for enthusiasts and collectors. Designed with precision detailing, realistic proportions, and high-quality materials, these models capture the spirit of iconic automobiles. Perfect for display, gifting, or building a stunning collection.","Premium 1:32 scale collectible car models crafted for enthusiasts and collectors. Designed with precision detailing, realistic proportions, and high-quality materials, these models capture the spirit of iconic automobiles. Perfect for display, gifting, or building a stunning collection."
330,32JJ285Ma-W,1:32 Maserati MC20,Collectables,1:32,849,719,18,95030090,1061,20,25,In Stock,4WD,35 KM/H,Electric Brushed Motor,Rechargeable Li-ion Battery Pack (Included),2.4 GHz Multi-Channel Transmitter,18 × 9 × 9 cm,0.2 kg,8+ Years,N/A,N/A,0,"Premium 1:32 scale collectible car models crafted for enthusiasts and collectors. Designed with precision detailing, realistic proportions, and high-quality materials, these models capture the spirit of iconic automobiles. Perfect for display, gifting, or building a stunning collection.","Premium 1:32 scale collectible car models crafted for enthusiasts and collectors. Designed with precision detailing, realistic proportions, and high-quality materials, these models capture the spirit of iconic automobiles. Perfect for display, gifting, or building a stunning collection."
331,32JJ285Ma-R,1:32 Maserati MC20,Collectables,1:32,849,719,18,95030090,1061,20,25,In Stock,4WD,35 KM/H,Electric Brushed Motor,Rechargeable Li-ion Battery Pack (Included),2.4 GHz Multi-Channel Transmitter,18 × 9 × 9 cm,0.2 kg,8+ Years,N/A,N/A,0,"Premium 1:32 scale collectible car models crafted for enthusiasts and collectors. Designed with precision detailing, realistic proportions, and high-quality materials, these models capture the spirit of iconic automobiles. Perfect for display, gifting, or building a stunning collection.","Premium 1:32 scale collectible car models crafted for enthusiasts and collectors. Designed with precision detailing, realistic proportions, and high-quality materials, these models capture the spirit of iconic automobiles. Perfect for display, gifting, or building a stunning collection."
332,32JJ285Ma-Y,1:32 Maserati MC20,Collectables,1:32,849,719,18,95030090,1061,20,25,In Stock,4WD,35 KM/H,Electric Brushed Motor,Rechargeable Li-ion Battery Pack (Included),2.4 GHz Multi-Channel Transmitter,18 × 9 × 9 cm,0.2 kg,8+ Years,N/A,N/A,0,"Premium 1:32 scale collectible car models crafted for enthusiasts and collectors. Designed with precision detailing, realistic proportions, and high-quality materials, these models capture the spirit of iconic automobiles. Perfect for display, gifting, or building a stunning collection.","Premium 1:32 scale collectible car models crafted for enthusiasts and collectors. Designed with precision detailing, realistic proportions, and high-quality materials, these models capture the spirit of iconic automobiles. Perfect for display, gifting, or building a stunning collection."
333,HX-1333,1:32 Audi RS6,Racing Cars,1:32,849,719,18,95030090,1061,20,25,In Stock,4WD,35 KM/H,Electric Brushed Motor,Rechargeable Li-ion Battery Pack (Included),2.4 GHz Multi-Channel Transmitter,18 × 9 × 9 cm,0.2 kg,8+ Years,N/A,N/A,0,<p>Official HyperXGT 1:32 Audi RS6 model (HX-1333). Designed for high performance and collector durability.</p>,<p>Official HyperXGT 1:32 Audi RS6 model (HX-1333). Designed for high performance and collector durability.</p>
334,24562001-W,1:24 PORSCHE 911 CARRERA S,Collectables,1:24,1999,1694,18,95030090,2499,20,25,In Stock,4WD,35 KM/H,Electric Brushed Motor,Rechargeable Li-ion Battery Pack (Included),2.4 GHz Multi-Channel Transmitter,25 × 15 × 15 cm,1 kg,8+ Years,N/A,N/A,0,"Premium 1:24 scale collectible car models crafted for enthusiasts and collectors. Designed with precision detailing, realistic proportions, and high-quality materials, these models capture the spirit of iconic automobiles. Perfect for display, gifting, or building a stunning collection.","Premium 1:24 scale collectible car models crafted for enthusiasts and collectors. Designed with precision detailing, realistic proportions, and high-quality materials, these models capture the spirit of iconic automobiles. Perfect for display, gifting, or building a stunning collection."
335,24562001-B,1:24 PORSCHE 911,Collectables,1:24,1999,1694,18,95030090,2499,20,25,In Stock,4WD,35 KM/H,Electric Brushed Motor,Rechargeable Li-ion Battery Pack (Included),2.4 GHz Multi-Channel Transmitter,25 × 15 × 15 cm,1 kg,8+ Years,N/A,N/A,0,"Premium 1:24 scale collectible car models crafted for enthusiasts and collectors. Designed with precision detailing, realistic proportions, and high-quality materials, these models capture the spirit of iconic automobiles. Perfect for display, gifting, or building a stunning collection.","Premium 1:24 scale collectible car models crafted for enthusiasts and collectors. Designed with precision detailing, realistic proportions, and high-quality materials, these models capture the spirit of iconic automobiles. Perfect for display, gifting, or building a stunning collection."
336,2456700-Y,1:24 MCLAREN P1,Collectables,1:24,1999,1694,18,95030090,2499,20,25,In Stock,4WD,35 KM/H,Electric Brushed Motor,Rechargeable Li-ion Battery Pack (Included),2.4 GHz Multi-Channel Transmitter,25 × 15 × 15 cm,1 kg,8+ Years,N/A,N/A,0,"Premium 1:24 scale collectible car models crafted for enthusiasts and collectors. Designed with precision detailing, realistic proportions, and high-quality materials, these models capture the spirit of iconic automobiles. Perfect for display, gifting, or building a stunning collection.","Premium 1:24 scale collectible car models crafted for enthusiasts and collectors. Designed with precision detailing, realistic proportions, and high-quality materials, these models capture the spirit of iconic automobiles. Perfect for display, gifting, or building a stunning collection."
337,2456700-B,1:24 MCLAREN P1,Collectables,1:24,1699,1440,18,95030090,2124,20,25,In Stock,4WD,35 KM/H,Electric Brushed Motor,Rechargeable Li-ion Battery Pack (Included),2.4 GHz Multi-Channel Transmitter,25 × 15 × 15 cm,1 kg,8+ Years,N/A,N/A,0,"Premium 1:24 scale collectible car models crafted for enthusiasts and collectors. Designed with precision detailing, realistic proportions, and high-quality materials, these models capture the spirit of iconic automobiles. Perfect for display, gifting, or building a stunning collection.","Premium 1:24 scale collectible car models crafted for enthusiasts and collectors. Designed with precision detailing, realistic proportions, and high-quality materials, these models capture the spirit of iconic automobiles. Perfect for display, gifting, or building a stunning collection."
338,32JJ334LC-W,1:32 DC LAND CRUISE LC300,Collectables,1:32,1799,1525,18,95030090,2249,20,25,In Stock,4WD,35 KM/H,Electric Brushed Motor,Rechargeable Li-ion Battery Pack (Included),2.4 GHz Multi-Channel Transmitter,18 × 9 × 9 cm,0.2 kg,8+ Years,N/A,N/A,0,"Premium 1:32 scale collectible car models crafted for enthusiasts and collectors. Designed with precision detailing, realistic proportions, and high-quality materials, these models capture the spirit of iconic automobiles. Perfect for display, gifting, or building a stunning collection.","Premium 1:32 scale collectible car models crafted for enthusiasts and collectors. Designed with precision detailing, realistic proportions, and high-quality materials, these models capture the spirit of iconic automobiles. Perfect for display, gifting, or building a stunning collection."